날짜,순위,영화코드,영화명,일관객,누적관객,스크린수,상영횟수
20250901,1,20253289,극장판 귀멸의 칼날: 무한성편,88577,3242295,1729,5807
20250901,2,20254501,F1 더 무비,19327,4779711,730,1563
20250901,3,20241941,좀비딸,17756,5364832,666,2053
20250901,4,20256281,첫사랑 엔딩,5894,70231,440,647
20250901,5,20256701,긴키 지방의 어느 장소에 대하여,3648,254204,268,394
20250901,6,20256202,노바디2,2657,48701,286,595
20250901,7,20210546,악마가 이사왔다,1939,419165,280,354
20250901,8,20256185,프리키 프라이데이 2,1828,24384,309,403
20250901,9,20256149,머티리얼리스트,1258,59640,70,89
20250901,10,20245055,백산 - 의령에서 발해까지,1247,20048,26,31
20250902,1,20253289,극장판 귀멸의 칼날: 무한성편,73984,3316279,1761,5784
20250902,2,20254501,F1 더 무비,18309,4798020,730,1553
20250902,3,20241941,좀비딸,16746,5381578,696,2039
20250902,4,20256281,첫사랑 엔딩,6616,76847,452,671
20250902,5,20256701,긴키 지방의 어느 장소에 대하여,3114,257318,265,370
20250902,6,20210546,악마가 이사왔다,2939,422104,293,371
20250902,7,20256202,노바디2,2668,51369,300,595
20250902,8,20256185,프리키 프라이데이 2,2366,26750,342,444
20250902,9,20231024,온리 갓 노우즈 에브리띵,749,23176,63,66
20250902,10,20030047,모노노케 히메,624,1219,1,1
20250903,1,20253289,극장판 귀멸의 칼날: 무한성편,79539,3395818,1609,5027
20250903,2,20256702,컨저링: 마지막 의식,39581,39926,843,2219
20250903,3,20254501,F1 더 무비,14607,4812627,635,1337
20250903,4,20241941,좀비딸,14602,5396180,688,1804
20250903,5,20256071,투게더,7925,10504,251,646
20250903,6,20256281,첫사랑 엔딩,4071,80918,273,394
20250903,7,20020328,이티,2409,10448,117,189
20250903,8,20233039,살인자 리포트,1892,2790,10,10
20250903,9,20256701,긴키 지방의 어느 장소에 대하여,1558,258876,162,207
20250903,10,20210546,악마가 이사왔다,1517,423621,120,149
20250904,1,20253289,극장판 귀멸의 칼날: 무한성편,62698,3458516,1582,4875
20250904,2,20256702,컨저링: 마지막 의식,28534,68460,837,2153
20250904,3,20254501,F1 더 무비,13230,4825857,644,1330
20250904,4,20241941,좀비딸,12987,5409167,676,1730
20250904,5,20256071,투게더,4515,15019,239,603
20250904,6,20256281,첫사랑 엔딩,3468,84386,271,386
20250904,7,20210546,악마가 이사왔다,1534,425155,88,109
20250904,8,20256701,긴키 지방의 어느 장소에 대하여,1307,260183,156,188
20250904,9,20256202,노바디2,1200,53898,199,277
20250904,10,20020328,이티,1044,11492,110,174
20250905,1,20253289,극장판 귀멸의 칼날: 무한성편,100151,3558667,1486,4865
20250905,2,20256702,컨저링: 마지막 의식,38202,106662,839,1959
20250905,3,20233039,살인자 리포트,36081,38871,749,2647
20250905,4,20254501,F1 더 무비,17289,4843146,617,1194
20250905,5,20241941,좀비딸,15723,5424890,696,1486
20250905,6,20256281,첫사랑 엔딩,4764,89150,268,353
20250905,7,20256071,투게더,3646,18665,228,508
20250905,8,20240206,전력질주,1813,1813,5,7
20250905,9,20256701,긴키 지방의 어느 장소에 대하여,1705,261888,143,173
20250905,10,20210546,악마가 이사왔다,1127,426282,74,87
20250906,1,20253289,극장판 귀멸의 칼날: 무한성편,219105,3777772,1576,5426
20250906,2,20256702,컨저링: 마지막 의식,72228,178890,917,2213
20250906,3,20233039,살인자 리포트,60626,99497,752,2561
20250906,4,20254501,F1 더 무비,38671,4881817,648,1344
20250906,5,20241941,좀비딸,38508,5463398,761,1716
20250906,6,20256281,첫사랑 엔딩,9976,99126,273,381
20250906,7,20256071,투게더,6046,24711,227,530
20250906,8,20256741,아기돼지 3형제: 도넛별 대모험,4613,8658,267,302
20250906,9,20256701,긴키 지방의 어느 장소에 대하여,3688,265576,142,188
20250906,10,20254275,킹 오브 킹스,2531,1300533,86,89
20250907,1,20253289,극장판 귀멸의 칼날: 무한성편,179831,3957603,1541,5156
20250907,2,20256702,컨저링: 마지막 의식,54257,233147,900,2108
20250907,3,20233039,살인자 리포트,53247,152744,771,2441
20250907,4,20241941,좀비딸,33055,5496453,762,1639
20250907,5,20254501,F1 더 무비,31654,4913471,640,1286
20250907,6,20256281,첫사랑 엔딩,10512,109638,292,395
20250907,7,20256741,아기돼지 3형제: 도넛별 대모험,5166,13824,281,312
20250907,8,20256071,투게더,4323,29034,215,480
20250907,9,20256701,긴키 지방의 어느 장소에 대하여,2953,268529,130,171
20250907,10,20254275,킹 오브 킹스,1993,1302526,85,88
20250908,1,20253289,극장판 귀멸의 칼날: 무한성편,54196,4011799,1352,4261
20250908,2,20233039,살인자 리포트,20685,173429,668,2191
20250908,3,20256702,컨저링: 마지막 의식,18404,251551,780,1796
20250908,4,20254501,F1 더 무비,10008,4923479,593,1186
20250908,5,20241941,좀비딸,7144,5503597,597,1242
20250908,6,20256281,첫사랑 엔딩,3001,112639,246,337
20250908,7,20256071,투게더,1734,30768,194,382
20250908,8,20210546,악마가 이사왔다,768,429431,58,68
20250908,9,20246333,3670,720,8272,62,82
20250908,10,20256701,긴키 지방의 어느 장소에 대하여,693,269222,110,129
20250909,1,20253289,극장판 귀멸의 칼날: 무한성편,48732,4060531,1370,4223
20250909,2,20233039,살인자 리포트,21398,194827,691,2231
20250909,3,20256702,컨저링: 마지막 의식,15407,266958,777,1788
20250909,4,20254501,F1 더 무비,9733,4933212,612,1184
20250909,5,20241941,좀비딸,7944,5511541,615,1233
20250909,6,20256281,첫사랑 엔딩,2697,115336,262,351
20250909,7,20256071,투게더,2505,33273,196,394
20250909,8,20249072,3학년 2학기,1268,8207,74,85
20250909,9,20246333,3670,1040,9312,71,88
20250909,10,20245485,귀시,1017,1211,4,5
20250910,1,20253289,극장판 귀멸의 칼날: 무한성편,41176,4101707,1268,3809
20250910,2,20233039,살인자 리포트,18792,213619,741,1798
20250910,3,20254501,F1 더 무비,16125,4949337,634,1226
20250910,4,20256702,컨저링: 마지막 의식,14507,281465,700,1529
20250910,5,20247245,홈캠,13306,14709,260,894
20250910,6,20030047,모노노케 히메,9939,11158,26,114
20250910,7,20241941,좀비딸,9807,5521348,625,1062
20250910,8,20257083,건국전쟁2 ,3405,4154,379,693
20250910,9,20240206,전력질주,3229,5042,168,441
20250910,10,19950366,토이 스토리 ,2950,4282,54,95
20250911,1,20242964,얼굴,35018,35316,940,3368
20250911,2,20253289,극장판 귀멸의 칼날: 무한성편,33824,4135531,1073,3115
20250911,3,20233039,살인자 리포트,13595,227214,700,1336
20250911,4,20254501,F1 더 무비,11605,4960942,553,928
20250911,5,20256702,컨저링: 마지막 의식,11276,292741,601,1108
20250911,6,20247245,홈캠,7320,22029,245,723
20250911,7,20241941,좀비딸,6919,5528267,492,715
20250911,8,20030047,모노노케 히메,4864,16022,26,114
20250911,9,20040590,퍼펙트 블루,4319,4882,138,248
20250911,10,20257083,건국전쟁2 ,2548,6702,349,538
20250912,1,20253289,극장판 귀멸의 칼날: 무한성편,54177,4189708,1125,3407
20250912,2,20242964,얼굴,53287,88603,917,3329
20250912,3,20254501,F1 더 무비,18067,4979009,616,1056
20250912,4,20256702,컨저링: 마지막 의식,17146,309887,657,1277
20250912,5,20233039,살인자 리포트,17090,244304,777,1585
20250912,6,20247245,홈캠,8972,31001,275,774
20250912,7,20241941,좀비딸,8076,5536343,528,788
20250912,8,20030047,모노노케 히메,4483,20505,26,105
20250912,9,20257083,건국전쟁2 ,2610,9312,336,509
20250912,10,20240206,전력질주,2462,9175,139,360
20250913,1,20253289,극장판 귀멸의 칼날: 무한성편,156109,4345817,1270,4118
20250913,2,20242964,얼굴,120353,208956,915,3258
20250913,3,20254501,F1 더 무비,33615,5012624,676,1179
20250913,4,20256702,컨저링: 마지막 의식,32911,342798,708,1482
20250913,5,20233039,살인자 리포트,29868,274172,841,1861
20250913,6,20241941,좀비딸,20709,5557052,578,843
20250913,7,20247245,홈캠,17274,48275,279,801
20250913,8,20030047,모노노케 히메,7082,27587,26,106
20250913,9,20257083,건국전쟁2 ,5495,14807,347,447
20250913,10,20256281,첫사랑 엔딩,4771,126053,175,228
20250914,1,20253289,극장판 귀멸의 칼날: 무한성편,120133,4465950,1241,3943
20250914,2,20242964,얼굴,108274,317230,957,3214
20250914,3,20254501,F1 더 무비,26381,5039005,649,1136
20250914,4,20233039,살인자 리포트,23411,297583,802,1718
20250914,5,20256702,컨저링: 마지막 의식,22977,365775,702,1379
20250914,6,20241941,좀비딸,18241,5575293,564,813
20250914,7,20247245,홈캠,13801,62076,280,760
20250914,8,20257083,건국전쟁2 ,6042,20849,336,419
20250914,9,20030047,모노노케 히메,5769,33356,26,105
20250914,10,20256281,첫사랑 엔딩,5049,131102,165,220
20250915,1,20242964,얼굴,39495,356725,878,2935
20250915,2,20253289,극장판 귀멸의 칼날: 무한성편,33239,4499189,1065,3109
20250915,3,20233039,살인자 리포트,8974,306557,669,1429
20250915,4,20254501,F1 더 무비,8616,5047621,602,1052
20250915,5,20256702,컨저링: 마지막 의식,7298,373073,579,1059
20250915,6,20241941,좀비딸,4875,5580168,459,653
20250915,7,20247245,홈캠,4174,66250,235,611
20250915,8,20257083,건국전쟁2 ,2902,23751,319,425
20250915,9,20030047,모노노케 히메,2246,35602,25,98
20250915,10,20243864,연의 편지,1452,2831,6,10
20250916,1,20242964,얼굴,37127,393852,976,3119
20250916,2,20253289,극장판 귀멸의 칼날: 무한성편,28190,4527379,1053,3018
20250916,3,20254501,F1 더 무비,7684,5055305,592,1015
20250916,4,20233039,살인자 리포트,6828,313385,654,1346
20250916,5,20256702,컨저링: 마지막 의식,6474,379547,559,980
20250916,6,20247245,홈캠,5393,71643,238,602
20250916,7,20241941,좀비딸,4550,5584718,477,641
20250916,8,20030047,모노노케 히메,2867,38469,25,97
20250916,9,20257083,건국전쟁2 ,2655,26406,314,421
20250916,10,20210546,악마가 이사왔다,1163,436088,44,51
20250917,1,20242964,얼굴,39692,433544,985,2839
20250917,2,20253289,극장판 귀멸의 칼날: 무한성편,35750,4563129,961,2784
20250917,3,20030047,모노노케 히메,30145,68614,557,1084
20250917,4,20245485,귀시,9968,11179,618,1430
20250917,5,20254501,F1 더 무비,7734,5063039,521,866
20250917,6,20233039,살인자 리포트,6569,319954,583,1058
20250917,7,20244606,바로 지금 여기,6081,7370,84,91
20250917,8,20241941,좀비딸,5020,5589738,339,415
20250917,9,20256702,컨저링: 마지막 의식,4652,384199,436,602
20250917,10,20161872,너의 이름은.,4284,3935536,49,55
20250918,1,20242964,얼굴,34348,467892,989,2896
20250918,2,20253289,극장판 귀멸의 칼날: 무한성편,25168,4588297,937,2654
20250918,3,20030047,모노노케 히메,10997,79611,529,1013
20250918,4,20245485,귀시,8178,19357,607,1357
20250918,5,20254501,F1 더 무비,7080,5070119,516,849
20250918,6,20233039,살인자 리포트,6639,326593,594,1074
20250918,7,20256864,프랑켄슈타인 : 더 뮤지컬 라이브,4789,5068,19,82
20250918,8,20241941,좀비딸,4217,5593955,350,424
20250918,9,20256702,컨저링: 마지막 의식,4173,388372,410,573
20250918,10,20161872,너의 이름은.,3701,3939237,35,38
20250919,1,20242964,얼굴,51140,519032,1048,3218
20250919,2,20253289,극장판 귀멸의 칼날: 무한성편,39840,4628137,971,2829
20250919,3,20257095,명탐정 코난: 17년 전의 진상,16193,16193,245,752
20250919,4,20030047,모노노케 히메,10809,90420,541,962
20250919,5,20254501,F1 더 무비,10012,5080131,505,836
20250919,6,20245485,귀시,9376,28733,621,1250
20250919,7,20256864,프랑켄슈타인 : 더 뮤지컬 라이브,8309,13377,176,410
20250919,8,20233039,살인자 리포트,8202,334795,571,1010
20250919,9,20256702,컨저링: 마지막 의식,6318,394690,420,592
20250919,10,20161872,너의 이름은.,4689,3943926,34,39
20250920,1,20242964,얼굴,113135,632167,1114,4024
20250920,2,20253289,극장판 귀멸의 칼날: 무한성편,94619,4722756,1095,3289
20250920,3,20030047,모노노케 히메,21595,112015,589,1002
20250920,4,20257095,명탐정 코난: 17년 전의 진상,17251,33444,266,664
20250920,5,20254501,F1 더 무비,16795,5096926,540,875
20250920,6,20245485,귀시,14469,43202,599,1102
20250920,7,20256864,프랑켄슈타인 : 더 뮤지컬 라이브,10658,24035,169,390
20250920,8,20256702,컨저링: 마지막 의식,9693,404383,457,634
20250920,9,20233039,살인자 리포트,9594,344389,557,915
20250920,10,20241941,좀비딸,7041,5605010,401,522
20250921,1,20242964,얼굴,90696,722863,1075,3861
20250921,2,20253289,극장판 귀멸의 칼날: 무한성편,78016,4800772,1067,3149
20250921,3,20030047,모노노케 히메,16701,128716,578,966
20250921,4,20254501,F1 더 무비,13646,5110572,540,851
20250921,5,20257095,명탐정 코난: 17년 전의 진상,13277,46721,271,641
20250921,6,20245485,귀시,11868,55070,608,1062
20250921,7,20233039,살인자 리포트,7557,351946,536,868
20250921,8,20256864,프랑켄슈타인 : 더 뮤지컬 라이브,7247,31282,160,373
20250921,9,20241941,좀비딸,6474,5611484,385,502
20250921,10,20256702,컨저링: 마지막 의식,6444,410827,422,563
20250922,1,20242964,얼굴,29018,751881,942,3293
20250922,2,20253289,극장판 귀멸의 칼날: 무한성편,19985,4820757,901,2458
20250922,3,20243561,어쩔수가없다,8261,8325,40,48
20250922,4,20030047,모노노케 히메,4975,133691,491,808
20250922,5,20254501,F1 더 무비,4845,5115417,496,732
20250922,6,20245485,귀시,4120,59190,477,787
20250922,7,20257095,명탐정 코난: 17년 전의 진상,3644,50365,232,514
20250922,8,20233039,살인자 리포트,3573,355519,444,727
20250922,9,20241941,좀비딸,2880,5614364,271,330
20250922,10,20161872,너의 이름은.,2840,3959033,35,36
20250923,1,20242964,얼굴,25433,777314,972,3201
20250923,2,20253289,극장판 귀멸의 칼날: 무한성편,19900,4840657,925,2431
20250923,3,20243561,어쩔수가없다,14828,23153,88,89
20250923,4,20254501,F1 더 무비,5579,5120996,491,733
20250923,5,20233039,살인자 리포트,5280,360799,483,760
20250923,6,20030047,모노노케 히메,5061,138752,503,837
20250923,7,20245485,귀시,4235,63425,503,803
20250923,8,20161872,너의 이름은.,3510,3962543,47,48
20250923,9,20257095,명탐정 코난: 17년 전의 진상,3339,53704,240,509
20250923,10,20257083,건국전쟁2 ,2693,43913,186,213
20250924,1,20243561,어쩔수가없다,331495,354648,2114,7378
20250924,2,20256757,극장판 체인소 맨: 레제편,108722,108864,829,2557
20250924,3,20242964,얼굴,25216,802530,773,1514
20250924,4,20253289,극장판 귀멸의 칼날: 무한성편,23432,4864089,601,1078
20250924,5,20030047,모노노케 히메,5349,144101,288,326
20250924,6,20257095,명탐정 코난: 17년 전의 진상,4000,57704,216,298
20250924,7,20254501,F1 더 무비,3622,5124618,183,207
20250924,8,20257229,파르테노페,1228,1370,50,53
20250924,9,20241941,좀비딸,1114,5618146,75,81
20250924,10,20257586,2016 방탄소년단 라이브 화양연화 온 스테이지 : 에필로그 리마스터링,1082,1232,95,157
20250925,1,20243561,어쩔수가없다,109726,464374,1860,6848
20250925,2,20256757,극장판 체인소 맨: 레제편,53902,162766,789,2592
20250925,3,20253289,극장판 귀멸의 칼날: 무한성편,15312,4879401,577,1145
20250925,4,20242964,얼굴,14855,817385,757,1553
20250925,5,20254501,F1 더 무비,3445,5128063,216,248
20250925,6,20030047,모노노케 히메,3017,147118,290,332
20250925,7,20257095,명탐정 코난: 17년 전의 진상,2528,60232,197,272
20250925,8,20241941,좀비딸,2520,5620666,85,88
20250925,9,20256864,프랑켄슈타인 : 더 뮤지컬 라이브,2223,39707,118,152
20250925,10,20228988,보스,1431,2175,8,8
20250926,1,20243561,어쩔수가없다,127023,591397,1872,7211
20250926,2,20256757,극장판 체인소 맨: 레제편,83236,246002,881,2930
20250926,3,20253289,극장판 귀멸의 칼날: 무한성편,23967,4903368,618,1224
20250926,4,20242964,얼굴,19889,837274,766,1648
20250926,5,20030047,모노노케 히메,4338,151456,304,359
20250926,6,20254501,F1 더 무비,4164,5132227,224,258
20250926,7,20257095,명탐정 코난: 17년 전의 진상,2676,62908,205,274
20250926,8,20256864,프랑켄슈타인 : 더 뮤지컬 라이브,2400,42107,115,150
20250926,9,20241941,좀비딸,1271,5621937,84,88
20250926,10,20256034,킹 오브 프리즘 -유어 엔드리스 콜- 모두 빛나라! 프리즘 투어즈 ,1093,31393,12,16
20250927,1,20243561,어쩔수가없다,242013,833410,1806,7142
20250927,2,20256757,극장판 체인소 맨: 레제편,122901,368903,1059,3580
20250927,3,20253289,극장판 귀멸의 칼날: 무한성편,48069,4951437,695,1276
20250927,4,20242964,얼굴,36092,873366,804,1570
20250927,5,20256526,브레드이발소: 베이커리타운의 악당들,26349,40141,368,725
20250927,6,20030047,모노노케 히메,7313,158769,290,344
20250927,7,20254501,F1 더 무비,5310,5137537,219,245
20250927,8,20256962,바다 탐험대 옥토넛 어보브 앤 비욘드 : 콰지의 깜짝 어드벤처,4909,6837,269,401
20250927,9,20257095,명탐정 코난: 17년 전의 진상,4414,67322,185,241
20250927,10,20256864,프랑켄슈타인 : 더 뮤지컬 라이브,4015,46122,124,157
20250928,1,20243561,어쩔수가없다,240255,1073665,1786,6738
20250928,2,20256757,극장판 체인소 맨: 레제편,105568,474471,1064,3500
20250928,3,20253289,극장판 귀멸의 칼날: 무한성편,44837,4996274,688,1240
20250928,4,20242964,얼굴,34021,907387,811,1515
20250928,5,20256526,브레드이발소: 베이커리타운의 악당들,32432,72573,369,734
20250928,6,20256962,바다 탐험대 옥토넛 어보브 앤 비욘드 : 콰지의 깜짝 어드벤처,7266,14103,279,400
20250928,7,20030047,모노노케 히메,6028,164797,274,317
20250928,8,20254501,F1 더 무비,5296,5142833,220,248
20250928,9,20257095,명탐정 코난: 17년 전의 진상,4279,71601,185,241
20250928,10,20256864,프랑켄슈타인 : 더 뮤지컬 라이브,3181,49303,123,157
20250929,1,20243561,어쩔수가없다,79230,1152895,1589,5824
20250929,2,20256757,극장판 체인소 맨: 레제편,49160,523631,892,3236
20250929,3,20253289,극장판 귀멸의 칼날: 무한성편,13813,5010087,648,1222
20250929,4,20242964,얼굴,11510,918897,694,1544
20250929,5,20254501,F1 더 무비,2892,5145725,228,273
20250929,6,20030047,모노노케 히메,2683,167480,267,311
20250929,7,20228988,보스,2418,4593,13,13
20250929,8,20256526,브레드이발소: 베이커리타운의 악당들,1393,73966,176,212
20250929,9,20256864,프랑켄슈타인 : 더 뮤지컬 라이브,1337,50640,122,160
20250929,10,20257095,명탐정 코난: 17년 전의 진상,1236,72837,170,226
20250930,1,20243561,어쩔수가없다,81342,1234237,1592,5815
20250930,2,20256757,극장판 체인소 맨: 레제편,55748,579379,900,3266
20250930,3,20253289,극장판 귀멸의 칼날: 무한성편,16574,5026661,659,1224
20250930,4,20242964,얼굴,13627,932524,726,1579
20250930,5,20254501,F1 더 무비,3590,5149315,247,291
20250930,6,20030047,모노노케 히메,2821,170301,286,327
20250930,7,20256526,브레드이발소: 베이커리타운의 악당들,1889,75855,173,204
20250930,8,20257229,파르테노페,1542,7534,51,60
20250930,9,20257095,명탐정 코난: 17년 전의 진상,1531,74368,175,229
20250930,10,20241941,좀비딸,1515,5625731,64,66
20251001,1,20243561,어쩔수가없다,75260,1309497,1353,4767
20251001,2,20256757,극장판 체인소 맨: 레제편,63086,642465,886,3209
20251001,3,20256397,원 배틀 애프터 어나더,21492,23776,601,1195
20251001,4,20243864,연의 편지,16340,25139,595,1478
20251001,5,20253289,극장판 귀멸의 칼날: 무한성편,14571,5041232,585,993
20251001,6,20242964,얼굴,10715,943239,671,1220
20251001,7,20257670,워킹맨,4459,4459,173,408
20251001,8,20225061,아바타: 물의 길,2092,10807161,123,162
20251001,9,20257321,그저 사고였을 뿐,2061,2729,102,112
20251001,10,20256526,브레드이발소: 베이커리타운의 악당들,2046,77901,185,222
20251002,1,20243561,어쩔수가없다,89974,1399471,1345,4934
20251002,2,20256757,극장판 체인소 맨: 레제편,83677,726142,902,3419
20251002,3,20253289,극장판 귀멸의 칼날: 무한성편,22468,5063700,595,1063
20251002,4,20256397,원 배틀 애프터 어나더,21949,45725,615,1208
20251002,5,20242964,얼굴,15790,959029,708,1326
20251002,6,20243864,연의 편지,14376,39515,597,1502
20251002,7,20254501,F1 더 무비,3986,5155294,172,224
20251002,8,20257670,워킹맨,2751,7210,171,373
20251002,9,20225061,아바타: 물의 길,2359,10809520,121,164
20251002,10,20256526,브레드이발소: 베이커리타운의 악당들,2261,80162,196,232
20251003,1,20228988,보스,238887,244156,1163,5416
20251003,2,20243561,어쩔수가없다,178346,1577817,1133,3849
20251003,3,20256757,극장판 체인소 맨: 레제편,138327,864469,843,2861
20251003,4,20253289,극장판 귀멸의 칼날: 무한성편,41473,5105173,538,795
20251003,5,20256526,브레드이발소: 베이커리타운의 악당들,32326,112488,387,762
20251003,6,20256397,원 배틀 애프터 어나더,27679,73404,553,778
20251003,7,20243864,연의 편지,21227,60742,541,968
20251003,8,20257208,개비의 매직하우스 극장판,18734,29260,409,527
20251003,9,20242964,얼굴,16885,975914,504,709
20251003,10,20257729,배달의 영웅 : 캐리와 슈퍼콜라2,6864,7214,385,463
20251004,1,20228988,보스,208854,453010,1167,5375
20251004,2,20243561,어쩔수가없다,146996,1724813,1149,3814
20251004,3,20256757,극장판 체인소 맨: 레제편,119179,983648,919,2994
20251004,4,20253289,극장판 귀멸의 칼날: 무한성편,47557,5152730,624,887
20251004,5,20256397,원 배틀 애프터 어나더,30118,103522,563,784
20251004,6,20256526,브레드이발소: 베이커리타운의 악당들,22083,134571,381,759
20251004,7,20243864,연의 편지,17519,78261,552,921
20251004,8,20242964,얼굴,14142,990056,488,652
20251004,9,20257208,개비의 매직하우스 극장판,11641,40901,434,556
20251004,10,20254501,F1 더 무비,4219,5164084,133,144
20251005,1,20228988,보스,218913,671923,1168,5358
20251005,2,20243561,어쩔수가없다,133229,1858042,1164,3817
20251005,3,20256757,극장판 체인소 맨: 레제편,95148,1078796,932,3064
20251005,4,20253289,극장판 귀멸의 칼날: 무한성편,36617,5189347,635,928
20251005,5,20256397,원 배틀 애프터 어나더,30509,134031,576,802
20251005,6,20256526,브레드이발소: 베이커리타운의 악당들,14834,149405,387,745
20251005,7,20243864,연의 편지,13006,91267,553,881
20251005,8,20242964,얼굴,12455,1002511,454,609
20251005,9,20257208,개비의 매직하우스 극장판,7629,48530,418,546
20251005,10,20254501,F1 더 무비,4213,5168297,126,136
20251006,1,20228988,보스,313448,985371,1176,5443
20251006,2,20243561,어쩔수가없다,167675,2025717,1152,3772
20251006,3,20256757,극장판 체인소 맨: 레제편,75973,1154769,894,3045
20251006,4,20256397,원 배틀 애프터 어나더,36598,170629,595,841
20251006,5,20253289,극장판 귀멸의 칼날: 무한성편,32462,5221809,615,902
20251006,6,20242964,얼굴,15620,1018131,444,593
20251006,7,20256526,브레드이발소: 베이커리타운의 악당들,13699,163104,351,702
20251006,8,20243864,연의 편지,11667,102934,532,803
20251006,9,20257208,개비의 매직하우스 극장판,6911,55441,404,530
20251006,10,20254501,F1 더 무비,5517,5173814,131,139
20251007,1,20228988,보스,322754,1308125,1257,5488
20251007,2,20243561,어쩔수가없다,180798,2206515,1142,3711
20251007,3,20256757,극장판 체인소 맨: 레제편,114263,1269032,859,2881
20251007,4,20256397,원 배틀 애프터 어나더,46230,216859,618,867
20251007,5,20253289,극장판 귀멸의 칼날: 무한성편,43479,5265288,601,916
20251007,6,20256526,브레드이발소: 베이커리타운의 악당들,20203,183307,354,689
20251007,7,20243864,연의 편지,18172,121106,530,754
20251007,8,20242964,얼굴,15519,1033650,391,513
20251007,9,20249641,나쁜계집애: 달려라 하니,14612,16076,487,755
20251007,10,20257208,개비의 매직하우스 극장판,10771,66212,394,504
20251008,1,20228988,보스,247005,1555130,1296,5393
20251008,2,20243561,어쩔수가없다,136746,2343261,1037,3248
20251008,3,20256757,극장판 체인소 맨: 레제편,131316,1400348,806,2545
20251008,4,20254021,트론: 아레스,55680,56304,779,2174
20251008,5,20256397,원 배틀 애프터 어나더,36188,253047,573,813
20251008,6,20253289,극장판 귀멸의 칼날: 무한성편,33826,5299114,530,743
20251008,7,20256526,브레드이발소: 베이커리타운의 악당들,17425,200732,314,606
20251008,8,20243864,연의 편지,14244,135350,401,468
20251008,9,20254501,F1 더 무비,10224,5189997,162,187
20251008,10,20249641,나쁜계집애: 달려라 하니,9826,25902,461,645
20251009,1,20228988,보스,174267,1729397,1286,5416
20251009,2,20256757,극장판 체인소 맨: 레제편,112140,1512488,816,2520
20251009,3,20243561,어쩔수가없다,101120,2444381,1041,3203
20251009,4,20254021,트론: 아레스,31091,87395,715,1825
20251009,5,20256397,원 배틀 애프터 어나더,30581,283628,585,855
20251009,6,20253289,극장판 귀멸의 칼날: 무한성편,28952,5328066,535,735
20251009,7,20256526,브레드이발소: 베이커리타운의 악당들,16612,217344,308,595
20251009,8,20243864,연의 편지,14062,149412,414,486
20251009,9,20257208,개비의 매직하우스 극장판,8536,82961,350,419
20251009,10,20249641,나쁜계집애: 달려라 하니,8380,34282,454,621
20251010,1,20228988,보스,91069,1820466,1194,5173
20251010,2,20256757,극장판 체인소 맨: 레제편,90439,1602927,808,2593
20251010,3,20243561,어쩔수가없다,56344,2500725,1003,3138
20251010,4,20256397,원 배틀 애프터 어나더,20781,304409,588,914
20251010,5,20253289,극장판 귀멸의 칼날: 무한성편,19709,5347775,543,762
20251010,6,20254021,트론: 아레스,16334,103729,689,1636
20251010,7,20256526,브레드이발소: 베이커리타운의 악당들,10083,227427,280,469
20251010,8,20243864,연의 편지,9324,158736,398,479
20251010,9,20257208,개비의 매직하우스 극장판,6107,89068,318,381
20251010,10,20249641,나쁜계집애: 달려라 하니,4802,39084,422,543
20251011,1,20256757,극장판 체인소 맨: 레제편,129311,1732238,995,3099
20251011,2,20228988,보스,122839,1943305,1149,5135
20251011,3,20243561,어쩔수가없다,74990,2575715,1004,3092
20251011,4,20256397,원 배틀 애프터 어나더,35895,340304,646,1069
20251011,5,20253289,극장판 귀멸의 칼날: 무한성편,27035,5374810,597,881
20251011,6,20254021,트론: 아레스,20567,124296,725,1495
20251011,7,20243864,연의 편지,11363,170099,426,523
20251011,8,20256526,브레드이발소: 베이커리타운의 악당들,11224,238651,302,535
20251011,9,20242964,얼굴,6539,1061228,276,353
20251011,10,20257208,개비의 매직하우스 극장판,6082,95150,291,334
20251012,1,20256757,극장판 체인소 맨: 레제편,104389,1836627,998,3005
20251012,2,20228988,보스,93257,2036562,1130,4757
20251012,3,20243561,어쩔수가없다,54706,2630421,982,2907
20251012,4,20256397,원 배틀 애프터 어나더,27053,367357,657,1052
20251012,5,20253289,극장판 귀멸의 칼날: 무한성편,24287,5399097,592,877
20251012,6,20254021,트론: 아레스,15717,140013,722,1386
20251012,7,20256526,브레드이발소: 베이커리타운의 악당들,11752,250403,293,522
20251012,8,20243864,연의 편지,10680,180779,423,521
20251012,9,20257208,개비의 매직하우스 극장판,6263,101413,286,332
20251012,10,20249641,나쁜계집애: 달려라 하니,4800,49192,414,470
20251013,1,20256757,극장판 체인소 맨: 레제편,35256,1871883,833,2622
20251013,2,20228988,보스,28880,2065442,921,3603
20251013,3,20243561,어쩔수가없다,17150,2647571,823,2343
20251013,4,20256397,원 배틀 애프터 어나더,8514,375871,552,997
20251013,5,20253289,극장판 귀멸의 칼날: 무한성편,5607,5404704,485,740
20251013,6,20254021,트론: 아레스,4833,144846,600,1119
20251013,7,20243864,연의 편지,2481,183260,333,416
20251013,8,20257728,중간계,1782,1948,7,9
20251013,9,20249641,나쁜계집애: 달려라 하니,1613,50805,254,279
20251013,10,20244267,사람과 고기,1181,10816,80,93
20251014,1,20256757,극장판 체인소 맨: 레제편,32531,1904414,843,2609
20251014,2,20228988,보스,26458,2091900,950,3510
20251014,3,20243561,어쩔수가없다,18030,2665601,865,2353
20251014,4,20256397,원 배틀 애프터 어나더,7428,383299,558,982
20251014,5,20253289,극장판 귀멸의 칼날: 무한성편,5470,5410174,490,727
20251014,6,20254021,트론: 아레스,5220,150066,591,1075
20251014,7,20243864,연의 편지,2719,185979,345,432
20251014,8,20242964,얼굴,1135,1067555,219,270
20251014,9,20257321,그저 사고였을 뿐,1022,25580,52,61
20251014,10,20249641,나쁜계집애: 달려라 하니,1002,51807,246,272
20251015,1,20256757,극장판 체인소 맨: 레제편,36619,1941033,841,3006
20251015,2,20228988,보스,25127,2117027,865,2984
20251015,3,20243561,어쩔수가없다,16965,2682566,819,2121
20251015,4,20256684,웨폰,12011,12309,524,1283
20251015,5,20253289,극장판 귀멸의 칼날: 무한성편,10144,5420318,494,734
20251015,6,20256397,원 배틀 애프터 어나더,9209,392508,588,1149
20251015,7,20257728,중간계,4459,6407,229,508
20251015,8,20249641,나쁜계집애: 달려라 하니,3019,54826,128,141
20251015,9,20254021,트론: 아레스,3016,153082,361,493
20251015,10,20243864,연의 편지,2745,188724,300,390
20251016,1,20257658,극장판 주술회전: 회옥·옥절,32333,44059,694,2206
20251016,2,20256757,극장판 체인소 맨: 레제편,28390,1969423,760,2505
20251016,3,20228988,보스,22675,2139702,811,2606
20251016,4,20243561,어쩔수가없다,15898,2698464,764,1863
20251016,5,20256397,원 배틀 애프터 어나더,7966,400474,529,1008
20251016,6,20256684,웨폰,7514,19823,534,1072
20251016,7,20253289,극장판 귀멸의 칼날: 무한성편,5048,5425366,411,568
20251016,8,20257728,중간계,3036,9443,217,450
20251016,9,20243864,연의 편지,2277,191001,263,311
20251016,10,20254021,트론: 아레스,2113,155195,321,407
20251017,1,20256757,극장판 체인소 맨: 레제편,44906,2014329,812,2796
20251017,2,20228988,보스,29483,2169185,864,2768
20251017,3,20257658,극장판 주술회전: 회옥·옥절,19390,63449,722,2101
20251017,4,20243561,어쩔수가없다,19201,2717665,799,1961
20251017,5,20256397,원 배틀 애프터 어나더,10555,411029,542,1038
20251017,6,20256684,웨폰,9677,29500,551,1117
20251017,7,20253289,극장판 귀멸의 칼날: 무한성편,7320,5432686,465,659
20251017,8,20243864,연의 편지,4693,195694,306,355
20251017,9,20254021,트론: 아레스,3378,158573,354,443
20251017,10,20257728,중간계,2922,12365,217,426
20251018,1,20256757,극장판 체인소 맨: 레제편,117489,2131818,911,3386
20251018,2,20228988,보스,49307,2218492,898,3140
20251018,3,20257658,극장판 주술회전: 회옥·옥절,39803,103252,742,2272
20251018,4,20243561,어쩔수가없다,34685,2752350,863,2141
20251018,5,20256397,원 배틀 애프터 어나더,21005,432034,593,1128
20251018,6,20253289,극장판 귀멸의 칼날: 무한성편,18329,5451015,509,773
20251018,7,20256684,웨폰,14902,44402,568,984
20251018,8,20256526,브레드이발소: 베이커리타운의 악당들,8979,261591,261,415
20251018,9,20243864,연의 편지,5964,201658,320,400
20251018,10,20257728,중간계,5650,18015,245,432
20251019,1,20256757,극장판 체인소 맨: 레제편,83714,2215532,879,3249
20251019,2,20228988,보스,39677,2258169,901,2984
20251019,3,20257658,극장판 주술회전: 회옥·옥절,30491,133743,740,2154
20251019,4,20243561,어쩔수가없다,25582,2777932,821,2003
20251019,5,20253289,극장판 귀멸의 칼날: 무한성편,17563,5468578,515,751
20251019,6,20256397,원 배틀 애프터 어나더,15787,447821,570,1020
20251019,7,20256684,웨폰,10026,54428,544,898
20251019,8,20256526,브레드이발소: 베이커리타운의 악당들,7548,269139,252,410
20251019,9,20258628,이찬원 정규 2집 ‘찬란’ 청음회,5892,5892,40,40
20251019,10,20243864,연의 편지,5402,207060,320,404
20251020,1,20256757,극장판 체인소 맨: 레제편,25166,2240698,787,2780
20251020,2,20228988,보스,14948,2273117,763,2332
20251020,3,20243561,어쩔수가없다,10387,2788319,718,1697
20251020,4,20258183,원 인 어 밀리언,6166,6166,35,74
20251020,5,20257658,극장판 주술회전: 회옥·옥절,5742,139485,589,1361
20251020,6,20256397,원 배틀 애프터 어나더,5006,452827,503,892
20251020,7,20253852,퍼스트 라이드,4678,7218,30,30
20251020,8,20256684,웨폰,4071,58499,482,757
20251020,9,20253289,극장판 귀멸의 칼날: 무한성편,3921,5472499,443,649
20251020,10,20243864,연의 편지,1722,208782,260,312
20251021,1,20256757,극장판 체인소 맨: 레제편,25047,2265745,785,2762
20251021,2,20228988,보스,15637,2288754,754,2259
20251021,3,20243561,어쩔수가없다,10287,2798606,723,1680
20251021,4,20257658,극장판 주술회전: 회옥·옥절,5073,144558,562,1235
20251021,5,20253289,극장판 귀멸의 칼날: 무한성편,4935,5477434,450,674
20251021,6,20256397,원 배틀 애프터 어나더,4811,457638,520,887
20251021,7,20256684,웨폰,3842,62341,474,764
20251021,8,20243864,연의 편지,1986,210768,275,328
20251021,9,20257728,중간계,1493,24964,194,290
20251021,10,20236434,만남의 집,1341,10894,78,99
20251022,1,20256757,극장판 체인소 맨: 레제편,40737,2306482,784,2786
20251022,2,20257570,8번 출구,31965,32711,749,2639
20251022,3,20090284,코렐라인,16440,236751,263,603
20251022,4,20228988,보스,16431,2305185,734,1955
20251022,5,20243561,어쩔수가없다,12982,2811588,675,1444
20251022,6,20257658,극장판 주술회전: 회옥·옥절,10042,154600,546,1019
20251022,7,20256397,원 배틀 애프터 어나더,6821,464459,450,651
20251022,8,20253289,극장판 귀멸의 칼날: 무한성편,6592,5484026,438,572
20251022,9,20247429,세계의 주인,4241,5936,358,501
20251022,10,20253852,퍼스트 라이드,2856,10505,13,15
20251023,1,20256757,극장판 체인소 맨: 레제편,24050,2330532,755,2660
20251023,2,20257570,8번 출구,16219,48930,705,2386
20251023,3,20228988,보스,14419,2319604,695,1884
20251023,4,20243561,어쩔수가없다,9783,2821371,646,1427
20251023,5,20090284,코렐라인,7459,244210,272,642
20251023,6,20256397,원 배틀 애프터 어나더,4453,468912,419,617
20251023,7,20253289,극장판 귀멸의 칼날: 무한성편,4340,5488366,432,590
20251023,8,20257658,극장판 주술회전: 회옥·옥절,4140,158740,495,866
20251023,9,20247429,세계의 주인,2912,8848,335,469
20251023,10,20259028,에이티즈 에이 투 지 온 스크린,1953,1953,12,24
20251024,1,20256757,극장판 체인소 맨: 레제편,40585,2371117,831,3105
20251024,2,20257570,8번 출구,26285,75215,740,2511
20251024,3,20228988,보스,16861,2336465,716,1931
20251024,4,20243561,어쩔수가없다,12310,2833681,680,1504
20251024,5,20090284,코렐라인,10167,254377,288,736
20251024,6,20257658,극장판 주술회전: 회옥·옥절,6314,165054,534,981
20251024,7,20253289,극장판 귀멸의 칼날: 무한성편,6273,5494639,446,609
20251024,8,20256397,원 배틀 애프터 어나더,5932,474844,444,648
20251024,9,20247429,세계의 주인,5459,14307,351,494
20251024,10,20258681,후지모토 타츠키 17-26 파트 1,2596,2596,20,36
20251025,1,20256757,극장판 체인소 맨: 레제편,108873,2479990,932,3687
20251025,2,20257570,8번 출구,57533,132748,781,2794
20251025,3,20090284,코렐라인,24217,278594,318,962
20251025,4,20228988,보스,22632,2359097,760,2092
20251025,5,20243561,어쩔수가없다,19102,2852783,752,1645
20251025,6,20253289,극장판 귀멸의 칼날: 무한성편,18511,5513150,500,759
20251025,7,20257658,극장판 주술회전: 회옥·옥절,14661,179715,598,1215
20251025,8,20256397,원 배틀 애프터 어나더,10487,485331,477,705
20251025,9,20247429,세계의 주인,8143,22450,352,454
20251025,10,20256684,웨폰,3962,73110,295,362
20251026,1,20256757,극장판 체인소 맨: 레제편,70211,2550201,899,3477
20251026,2,20257570,8번 출구,53355,186103,764,2691
20251026,3,20090284,코렐라인,23744,302338,316,948
20251026,4,20228988,보스,19345,2378442,736,1959
20251026,5,20253289,극장판 귀멸의 칼날: 무한성편,17071,5530221,499,739
20251026,6,20243561,어쩔수가없다,16190,2868973,714,1544
20251026,7,20257658,극장판 주술회전: 회옥·옥절,12767,192482,617,1186
20251026,8,20256397,원 배틀 애프터 어나더,8517,493848,447,638
20251026,9,20247429,세계의 주인,8274,30724,357,457
20251026,10,20256526,브레드이발소: 베이커리타운의 악당들,3192,276229,181,263
20251027,1,20256757,극장판 체인소 맨: 레제편,21108,2571309,773,2776
20251027,2,20257570,8번 출구,13532,199635,663,2071
20251027,3,20228988,보스,8434,2386876,606,1520
20251027,4,20243561,어쩔수가없다,7749,2876722,635,1351
20251027,5,20090284,코렐라인,5718,308056,243,728
20251027,6,20253852,퍼스트 라이드,4108,16005,17,17
20251027,7,20247429,세계의 주인,3990,34714,342,491
20251027,8,20253289,극장판 귀멸의 칼날: 무한성편,3343,5533564,412,587
20251027,9,20256397,원 배틀 애프터 어나더,3154,497002,410,562
20251027,10,20257658,극장판 주술회전: 회옥·옥절,2627,195109,412,676
20251028,1,20256757,극장판 체인소 맨: 레제편,20366,2591675,791,2775
20251028,2,20257570,8번 출구,12818,212453,673,2031
20251028,3,20243561,어쩔수가없다,8555,2885277,651,1354
20251028,4,20228988,보스,8020,2394896,623,1464
20251028,5,20090284,코렐라인,5588,313644,251,729
20251028,6,20253852,퍼스트 라이드,5214,21219,27,27
20251028,7,20247429,세계의 주인,4944,39658,358,521
20251028,8,20256397,원 배틀 애프터 어나더,3544,500546,420,576
20251028,9,20253289,극장판 귀멸의 칼날: 무한성편,3410,5536974,416,593
20251028,10,20257658,극장판 주술회전: 회옥·옥절,2575,197684,421,654
20251029,1,20253852,퍼스트 라이드,82690,103909,1227,4530
20251029,2,20256757,극장판 체인소 맨: 레제편,37025,2628700,709,2369
20251029,3,20257570,8번 출구,16968,229421,617,1231
20251029,4,20090284,코렐라인,10984,324628,231,543
20251029,5,20243561,어쩔수가없다,7589,2892866,486,721
20251029,6,20228988,보스,6833,2401729,476,737
20251029,7,20257795,베이비걸,5865,6419,157,450
20251029,8,20253289,극장판 귀멸의 칼날: 무한성편,5833,5542807,345,416
20251029,9,20247429,세계의 주인,5129,44787,209,249
20251029,10,20258001,지드래곤 인 시네마 [위버맨쉬],4859,5059,86,305
20251030,1,20253852,퍼스트 라이드,34118,138027,1151,4095
20251030,2,20256757,극장판 체인소 맨: 레제편,17962,2646662,651,2296
20251030,3,20257570,8번 출구,8861,238282,582,1154
20251030,4,20228988,보스,6382,2408111,452,671
20251030,5,20243561,어쩔수가없다,5147,2898013,483,695
20251030,6,20090284,코렐라인,4661,329289,207,474
20251030,7,20257456,말할 수 없는 비밀: 마지막 챕터,3606,3845,158,310
20251030,8,20247429,세계의 주인,3114,47901,212,256
20251030,9,20253289,극장판 귀멸의 칼날: 무한성편,2636,5545443,316,378
20251030,10,20257658,극장판 주술회전: 회옥·옥절,2342,203606,250,315
20251031,1,20253852,퍼스트 라이드,48470,186497,1142,4217
20251031,2,20256757,극장판 체인소 맨: 레제편,28392,2675054,712,2449
20251031,3,20257570,8번 출구,15494,253776,599,1317
20251031,4,20090284,코렐라인,8013,337302,230,480
20251031,5,20259058,신세기 에반게리온 극장판 사도신생,7066,7066,180,349
20251031,6,20243561,어쩔수가없다,7062,2905075,467,696
20251031,7,20259147,케이팝 데몬 헌터스,7013,7013,123,498
20251031,8,20228988,보스,4495,2412606,445,651
20251031,9,20253289,극장판 귀멸의 칼날: 무한성편,4306,5549749,341,420
20251031,10,20247429,세계의 주인,4020,51921,225,292
20251101,1,20253852,퍼스트 라이드,96313,282810,1166,4674
20251101,2,20256757,극장판 체인소 맨: 레제편,69058,2744112,817,2896
20251101,3,20257570,8번 출구,37319,291095,707,1738
20251101,4,20259147,케이팝 데몬 헌터스,17578,24591,143,519
20251101,5,20090284,코렐라인,16020,353322,257,594
20251101,6,20253289,극장판 귀멸의 칼날: 무한성편,12536,5562285,429,546
20251101,7,20243561,어쩔수가없다,7549,2912624,474,699
20251101,8,20247429,세계의 주인,7102,59023,274,368
20251101,9,20257658,극장판 주술회전: 회옥·옥절,5811,212023,310,411
20251101,10,20256397,원 배틀 애프터 어나더,4727,514639,234,303
20251102,1,20253852,퍼스트 라이드,85993,368803,1125,4399
20251102,2,20256757,극장판 체인소 맨: 레제편,50009,2794121,773,2804
20251102,3,20257570,8번 출구,31903,322998,710,1656
20251102,4,20090284,코렐라인,15188,368510,250,590
20251102,5,20259147,케이팝 데몬 헌터스,14584,39175,137,498
20251102,6,20253289,극장판 귀멸의 칼날: 무한성편,11991,5574276,427,531
20251102,7,20243561,어쩔수가없다,7272,2919896,472,683
20251102,8,20247429,세계의 주인,6604,65627,276,368
20251102,9,20257658,극장판 주술회전: 회옥·옥절,5876,217899,329,424
20251102,10,20228988,보스,3896,2420642,423,601
20251103,1,20253852,퍼스트 라이드,25178,393981,1006,3450
20251103,2,20256757,극장판 체인소 맨: 레제편,16125,2810246,644,2284
20251103,3,20257570,8번 출구,7662,330660,587,1240
20251103,4,20090284,코렐라인,3699,372209,208,472
20251103,5,20247429,세계의 주인,3454,69081,286,413
20251103,6,20243561,어쩔수가없다,2866,2922762,412,576
20251103,7,20253289,극장판 귀멸의 칼날: 무한성편,2470,5576746,359,455
20251103,8,20228988,보스,2158,2422800,351,484
20251103,9,20256397,원 배틀 애프터 어나더,1478,519711,201,261
20251103,10,20225855,하얀 차를 탄 여자,1329,15816,306,395
20251104,1,20253852,퍼스트 라이드,23992,417973,1017,3438
20251104,2,20256757,극장판 체인소 맨: 레제편,14654,2824900,630,2218
20251104,3,20257570,8번 출구,7718,338378,571,1218
20251104,4,20247429,세계의 주인,3507,72588,287,413
20251104,5,20090284,코렐라인,3485,375694,208,463
20251104,6,20243561,어쩔수가없다,2639,2925401,397,554
20251104,7,20253289,극장판 귀멸의 칼날: 무한성편,2438,5579184,341,440
20251104,8,20228988,보스,2003,2424803,344,463
20251104,9,20225855,하얀 차를 탄 여자,1747,17563,304,400
20251104,10,20256397,원 배틀 애프터 어나더,1551,521262,189,246
20251105,1,20254375,프레데터: 죽음의 땅,34746,36427,952,3456
20251105,2,20256757,극장판 체인소 맨: 레제편,24605,2849505,642,1738
20251105,3,20253852,퍼스트 라이드,22418,440391,772,2137
20251105,4,20256320,부고니아,9092,11191,518,1143
20251105,5,20257570,8번 출구,7033,345411,483,748
20251105,6,20253340,구원자,5939,7051,498,982
20251105,7,20257361,난징사진관,4585,5765,272,358
20251105,8,20010083,반지의 제왕 : 반지원정대,3845,39470,11,49
20251105,9,20258311,엄마를 버리러 갑니다,3401,4134,155,308
20251105,10,20247693,위키드,3121,2249769,151,350
20251106,1,20254375,프레데터: 죽음의 땅,24592,61019,933,3396
20251106,2,20253852,퍼스트 라이드,17487,457878,766,2100
20251106,3,20256757,극장판 체인소 맨: 레제편,14755,2864260,625,1707
20251106,4,20257570,8번 출구,5908,351319,500,787
20251106,5,20256320,부고니아,5895,17086,498,1001
20251106,6,20253340,구원자,3755,10806,453,840
20251106,7,20257361,난징사진관,3023,8788,268,352
20251106,8,20247693,위키드,2356,2252125,147,310
20251106,9,20258311,엄마를 버리러 갑니다,2282,6416,156,318
20251106,10,20247429,세계의 주인,2215,77288,202,249
20251107,1,20254375,프레데터: 죽음의 땅,34221,95240,953,3501
20251107,2,20253852,퍼스트 라이드,25884,483762,862,2445
20251107,3,20256757,극장판 체인소 맨: 레제편,20812,2885072,709,1984
20251107,4,20257570,8번 출구,8576,359895,550,944
20251107,5,20256320,부고니아,6381,23467,510,996
20251107,6,20253340,구원자,3831,14637,448,857
20251107,7,20247429,세계의 주인,3396,80684,218,276
20251107,8,20090284,코렐라인,3072,383305,197,308
20251107,9,20247693,위키드,2959,2255084,153,336
20251107,10,20257361,난징사진관,2881,11669,260,333
20251108,1,20254375,프레데터: 죽음의 땅,70867,166107,949,3692
20251108,2,20256757,극장판 체인소 맨: 레제편,55338,2940410,790,2448
20251108,3,20253852,퍼스트 라이드,52135,535897,900,2863
20251108,4,20257570,8번 출구,20451,380346,659,1271
20251108,5,20256320,부고니아,8583,32050,527,953
20251108,6,20090284,코렐라인,8170,391475,215,422
20251108,7,20253289,극장판 귀멸의 칼날: 무한성편,8157,5593847,354,415
20251108,8,20258570,극장판 똘똘이: 아기공룡의 비밀,8053,9692,222,405
20251108,9,20247693,위키드,5558,2260642,162,376
20251108,10,20247429,세계의 주인,4750,85434,214,286
20251109,1,20254375,프레데터: 죽음의 땅,54996,221103,943,3428
20251109,2,20253852,퍼스트 라이드,42315,578212,889,2698
20251109,3,20256757,극장판 체인소 맨: 레제편,36994,2977404,762,2305
20251109,4,20257570,8번 출구,16015,396361,634,1174
20251109,5,20258570,극장판 똘똘이: 아기공룡의 비밀,8704,18396,240,407
20251109,6,20253289,극장판 귀멸의 칼날: 무한성편,7601,5601448,331,391
20251109,7,20090284,코렐라인,7346,398821,219,398
20251109,8,20256320,부고니아,6658,38708,508,840
20251109,9,20247693,위키드,4665,2265307,175,356
20251109,10,20247429,세계의 주인,4570,90004,215,285
20251110,1,20254375,프레데터: 죽음의 땅,17628,238731,846,2930
20251110,2,20253852,퍼스트 라이드,12074,590286,698,1922
20251110,3,20256757,극장판 체인소 맨: 레제편,11479,2988883,657,1834
20251110,4,20257570,8번 출구,4616,400977,486,822
20251110,5,20256320,부고니아,2885,41593,453,723
20251110,6,20247429,세계의 주인,2103,92107,211,278
20251110,7,20253289,극장판 귀멸의 칼날: 무한성편,1836,5603284,275,319
20251110,8,20253340,구원자,1820,25085,364,546
20251110,9,20090284,코렐라인,1554,400375,176,274
20251110,10,20247693,위키드,1470,2266777,144,283
20251111,1,20254375,프레데터: 죽음의 땅,17068,255799,867,2890
20251111,2,20253852,퍼스트 라이드,13358,603644,717,1962
20251111,3,20256757,극장판 체인소 맨: 레제편,11108,2999991,664,1829
20251111,4,20256320,부고니아,3731,45324,427,703
20251111,5,20257570,8번 출구,3695,404672,463,763
20251111,6,20253340,구원자,2769,27854,390,592
20251111,7,20258311,엄마를 버리러 갑니다,2373,17612,142,257
20251111,8,20257361,난징사진관,2345,20091,229,286
20251111,9,20253289,극장판 귀멸의 칼날: 무한성편,2070,5605354,284,330
20251111,10,20247429,세계의 주인,2062,94169,206,283
20251112,1,20258383,나우 유 씨 미 3,82300,82951,1261,5132
20251112,2,20256757,극장판 체인소 맨: 레제편,19512,3019503,633,1681
20251112,3,20253852,퍼스트 라이드,12949,616593,610,1567
20251112,4,20254375,프레데터: 죽음의 땅,12177,267976,671,1863
20251112,5,20257570,8번 출구,4092,408764,404,619
20251112,6,20254824,명탐정 코난: 척안의 잔상,2517,741430,62,218
20251112,7,20247429,세계의 주인,2500,96669,186,242
20251112,8,20256320,부고니아,2376,47700,270,335
20251112,9,20253340,구원자,1952,29806,111,139
20251112,10,20253289,극장판 귀멸의 칼날: 무한성편,1896,5607250,238,271
20251113,1,20258383,나우 유 씨 미 3,68497,151448,1251,4993
20251113,2,20256757,극장판 체인소 맨: 레제편,21558,3041061,656,1770
20251113,3,20253852,퍼스트 라이드,19091,635684,662,1661
20251113,4,20254375,프레데터: 죽음의 땅,11990,279966,673,1825
20251113,5,20257570,8번 출구,4815,413579,412,633
20251113,6,20090284,코렐라인,2629,406649,149,216
20251113,7,20247429,세계의 주인,2324,98993,201,257
20251113,8,20253289,극장판 귀멸의 칼날: 무한성편,2266,5609516,244,279
20251113,9,20256320,부고니아,2113,49813,268,325
20251113,10,20254824,명탐정 코난: 척안의 잔상,1604,743034,62,208
20251114,1,20258383,나우 유 씨 미 3,92708,244156,1325,5330
20251114,2,20256757,극장판 체인소 맨: 레제편,22915,3063976,697,1896
20251114,3,20254375,프레데터: 죽음의 땅,16357,296323,687,1956
20251114,4,20253852,퍼스트 라이드,15216,650900,658,1645
20251114,5,20257570,8번 출구,4417,417996,409,640
20251114,6,20256320,부고니아,3099,52912,286,359
20251114,7,20253289,극장판 귀멸의 칼날: 무한성편,2863,5612379,247,297
20251114,8,20090284,코렐라인,2462,409111,155,226
20251114,9,20247429,세계의 주인,2335,101328,200,256
20251114,10,20257361,난징사진관,1877,24213,120,132
20251115,1,20258383,나우 유 씨 미 3,183741,427897,1339,5973
20251115,2,20256757,극장판 체인소 맨: 레제편,59580,3123556,795,2273
20251115,3,20254375,프레데터: 죽음의 땅,34582,330905,700,2115
20251115,4,20253852,퍼스트 라이드,21818,672718,724,1826
20251115,5,20257570,8번 출구,8545,426541,468,715
20251115,6,20253289,극장판 귀멸의 칼날: 무한성편,7828,5620207,309,375
20251115,7,20258385,꼬마돼지 베이브와 타피티,5307,9957,349,406
20251115,8,20256320,부고니아,4502,57414,257,319
20251115,9,20258570,극장판 똘똘이: 아기공룡의 비밀,4300,25249,222,357
20251115,10,20090284,코렐라인,3975,413086,164,253
20251116,1,20258383,나우 유 씨 미 3,158846,586743,1352,5777
20251116,2,20256757,극장판 체인소 맨: 레제편,35093,3158649,765,2153
20251116,3,20254375,프레데터: 죽음의 땅,27984,358889,715,2015
20251116,4,20253852,퍼스트 라이드,18199,690917,715,1726
20251116,5,20253289,극장판 귀멸의 칼날: 무한성편,7373,5627580,293,355
20251116,6,20257570,8번 출구,7263,433804,452,672
20251116,7,20258385,꼬마돼지 베이브와 타피티,5352,15309,359,416
20251116,8,20258570,극장판 똘똘이: 아기공룡의 비밀,4417,29666,209,340
20251116,9,20090284,코렐라인,4225,417311,173,261
20251116,10,20256320,부고니아,3787,61201,248,308
20251117,1,20258383,나우 유 씨 미 3,53445,640188,1196,4755
20251117,2,20256757,극장판 체인소 맨: 레제편,14123,3172772,640,1803
20251117,3,20254375,프레데터: 죽음의 땅,9207,368096,577,1650
20251117,4,20253852,퍼스트 라이드,7122,698039,555,1271
20251117,5,20257570,8번 출구,2606,436410,368,519
20251117,6,20256320,부고니아,2074,63275,241,304
20251117,7,20247429,세계의 주인,2071,110631,184,246
20251117,8,20253289,극장판 귀멸의 칼날: 무한성편,1988,5629568,268,311
20251117,9,20247693,위키드,1273,2279391,105,131
20251117,10,20090284,코렐라인,1122,418433,139,200
20251118,1,20258383,나우 유 씨 미 3,48871,689059,1234,4688
20251118,2,20256757,극장판 체인소 맨: 레제편,13006,3185778,661,1787
20251118,3,20254375,프레데터: 죽음의 땅,8289,376385,597,1603
20251118,4,20253852,퍼스트 라이드,8103,706142,568,1223
20251118,5,20253289,극장판 귀멸의 칼날: 무한성편,2578,5632146,278,327
20251118,6,20257570,8번 출구,2324,438734,371,515
20251118,7,20256320,부고니아,2251,65526,250,317
20251118,8,20247429,세계의 주인,1621,112252,187,245
20251118,9,20247693,위키드,1606,2280997,108,132
20251118,10,20257361,난징사진관,1358,28800,86,90
20251119,1,20255381,위키드: 포 굿,108146,108830,1699,5740
20251119,2,20258383,나우 유 씨 미 3,40741,729800,825,2317
20251119,3,20256757,극장판 체인소 맨: 레제편,17431,3203209,574,1021
20251119,4,20257161,국보,9569,14184,484,802
20251119,5,20243405,나혼자 프린스,6090,7223,535,1099
20251119,6,20254375,프레데터: 죽음의 땅,4413,380798,432,642
20251119,7,20253852,퍼스트 라이드,4201,710343,350,474
20251119,8,20259225,포레스텔라 : 더 웨이브 인 시네마,2025,2025,23,33
20251119,9,20090284,코렐라인,1678,421190,102,116
20251119,10,20257570,8번 출구,1668,440402,182,204
20251120,1,20255381,위키드: 포 굿,52475,161305,1589,5176
20251120,2,20258383,나우 유 씨 미 3,37010,766810,815,2354
20251120,3,20256757,극장판 체인소 맨: 레제편,10092,3213301,578,1034
20251120,4,20257161,국보,6746,20930,458,752
20251120,5,20243405,나혼자 프린스,5126,12349,519,1047
20251120,6,20254375,프레데터: 죽음의 땅,3928,384726,424,635
20251120,7,20253852,퍼스트 라이드,3900,714243,345,472
20251120,8,19980126,가타카,1388,1474,71,126
20251120,9,20247429,세계의 주인,1373,114715,109,140
20251120,10,20257570,8번 출구,1340,441742,183,211
20251121,1,20255381,위키드: 포 굿,77314,238619,1653,5642
20251121,2,20258383,나우 유 씨 미 3,53165,819975,887,2619
20251121,3,20256757,극장판 체인소 맨: 레제편,13136,3226437,628,1119
20251121,4,20257161,국보,9700,30630,483,799
20251121,5,20243405,나혼자 프린스,6816,19165,536,1062
20251121,6,20124315,엔드 오브 에반게리온,5696,38428,116,200
20251121,7,20254375,프레데터: 죽음의 땅,5672,390398,437,661
20251121,8,20253852,퍼스트 라이드,4810,719053,336,471
20251121,9,20253289,극장판 귀멸의 칼날: 무한성편,1737,5636347,136,153
20251121,10,20247429,세계의 주인,1463,116178,105,136
20251122,1,20255381,위키드: 포 굿,164791,403410,1700,6554
20251122,2,20258383,나우 유 씨 미 3,103015,922990,948,3142
20251122,3,20256757,극장판 체인소 맨: 레제편,27583,3254020,694,1308
20251122,4,20257161,국보,14908,45538,517,810
20251122,5,20254375,프레데터: 죽음의 땅,10646,401044,412,594
20251122,6,20243405,나혼자 프린스,8982,28147,533,990
20251122,7,20253852,퍼스트 라이드,5451,724504,318,444
20251122,8,20247429,세계의 주인,5329,121507,112,145
20251122,9,20253289,극장판 귀멸의 칼날: 무한성편,5185,5641532,183,205
20251122,10,20258570,극장판 똘똘이: 아기공룡의 비밀,2631,33313,163,245
20251123,1,20255381,위키드: 포 굿,133952,537362,1674,6081
20251123,2,20258383,나우 유 씨 미 3,90295,1013285,974,3115
20251123,3,20256757,극장판 체인소 맨: 레제편,22256,3276276,678,1262
20251123,4,20257161,국보,12792,58330,521,804
20251123,5,20254375,프레데터: 죽음의 땅,8584,409628,395,578
20251123,6,20243405,나혼자 프린스,7725,35872,530,927
20251123,7,20247429,세계의 주인,6600,128107,112,146
20251123,8,20253289,극장판 귀멸의 칼날: 무한성편,5249,5646781,179,206
20251123,9,20253852,퍼스트 라이드,4603,729107,284,391
20251123,10,20258570,극장판 똘똘이: 아기공룡의 비밀,2881,36194,166,243
20251124,1,20255381,위키드: 포 굿,30179,567541,1405,4391
20251124,2,20258383,나우 유 씨 미 3,29408,1042693,830,2638
20251124,3,20256757,극장판 체인소 맨: 레제편,8300,3284576,609,1125
20251124,4,20257161,국보,6639,64969,505,791
20251124,5,20247429,세계의 주인,3905,132012,125,184
20251124,6,20243405,나혼자 프린스,3283,39155,422,781
20251124,7,20254375,프레데터: 죽음의 땅,3148,412776,360,517
20251124,8,20253852,퍼스트 라이드,2278,731385,264,360
20251124,9,20253289,극장판 귀멸의 칼날: 무한성편,1501,5648282,150,168
20251124,10,19980126,가타카,926,8158,72,113
20251125,1,20258383,나우 유 씨 미 3,29804,1072497,895,2698
20251125,2,20255381,위키드: 포 굿,28697,596238,1419,4222
20251125,3,20256757,극장판 체인소 맨: 레제편,8438,3293014,593,1107
20251125,4,20257161,국보,7047,72016,509,813
20251125,5,20243405,나혼자 프린스,4365,43520,443,786
20251125,6,20247429,세계의 주인,3971,135983,136,201
20251125,7,20254375,프레데터: 죽음의 땅,2914,415690,365,528
20251125,8,20249326,윗집 사람들,2837,2837,11,12
20251125,9,20259536,힘,2614,2614,16,16
20251125,10,20253852,퍼스트 라이드,2606,733991,260,353
20251126,1,20252432,주토피아 2,309168,310951,2084,8027
20251126,2,20258383,나우 유 씨 미 3,35043,1107540,844,1985
20251126,3,20255381,위키드: 포 굿,34125,630363,1023,2260
20251126,4,20256757,극장판 체인소 맨: 레제편,9899,3302913,494,668
20251126,5,20257161,국보,9251,81267,372,483
20251126,6,20242374,한란,3458,4561,262,345
20251126,7,20247429,세계의 주인,3327,139310,106,146
20251126,8,20125316,석류의 빛깔 ,2983,3874,55,68
20251126,9,20243405,나혼자 프린스,2397,45917,232,298
20251126,10,20253852,퍼스트 라이드,1885,735876,52,55
20251127,1,20252432,주토피아 2,172048,482999,1943,7769
20251127,2,20258383,나우 유 씨 미 3,22414,1129954,775,1991
20251127,3,20255381,위키드: 포 굿,18213,648576,936,2140
20251127,4,20257161,국보,6596,87863,364,498
20251127,5,20256757,극장판 체인소 맨: 레제편,5847,3308760,449,642
20251127,6,20242374,한란,3042,7603,255,340
20251127,7,20247429,세계의 주인,2417,141727,120,172
20251127,8,20249326,윗집 사람들,2313,5373,11,11
20251127,9,20243405,나혼자 프린스,2070,47987,217,293
20251127,10,20253852,퍼스트 라이드,1959,737835,58,68
20251128,1,20252432,주토피아 2,258740,741739,2047,8490
20251128,2,20258383,나우 유 씨 미 3,29151,1159105,804,2055
20251128,3,20255381,위키드: 포 굿,27537,676113,949,2222
20251128,4,20257161,국보,8171,96034,376,527
20251128,5,20256757,극장판 체인소 맨: 레제편,7827,3316587,471,686
20251128,6,20247429,세계의 주인,3124,144851,123,187
20251128,7,20242374,한란,2519,10122,248,317
20251128,8,20233259,정보원,2095,2598,8,8
20251128,9,20243405,나혼자 프린스,1418,49405,224,294
20251128,10,20249326,윗집 사람들,1323,6696,8,8
20251129,1,20252432,주토피아 2,700790,1442529,2383,10719
20251129,2,20255381,위키드: 포 굿,57798,733911,969,2028
20251129,3,20258383,나우 유 씨 미 3,48537,1207642,836,1928
20251129,4,20256757,극장판 체인소 맨: 레제편,20589,3337176,433,588
20251129,5,20257161,국보,9963,105997,313,404
20251129,6,20253289,극장판 귀멸의 칼날: 무한성편,5012,5657327,118,126
20251129,7,20247429,세계의 주인,4657,149508,123,175
20251129,8,20233259,정보원,3275,5873,35,35
20251129,9,20242374,한란,2633,12755,228,277
20251129,10,20125316,석류의 빛깔 ,1914,8571,59,66
20251130,1,20252432,주토피아 2,664337,2106866,2369,10422
20251130,2,20255381,위키드: 포 굿,48017,781928,967,1945
20251130,3,20258383,나우 유 씨 미 3,44450,1252092,805,1852
20251130,4,20256757,극장판 체인소 맨: 레제편,12507,3349683,429,564
20251130,5,20257161,국보,9329,115326,315,398
20251130,6,20253289,극장판 귀멸의 칼날: 무한성편,5370,5662697,117,126
20251130,7,20247429,세계의 주인,3856,153364,114,166
20251130,8,20233259,정보원,3368,9241,36,36
20251130,9,20242374,한란,2570,15325,229,276
20251130,10,20243405,나혼자 프린스,1585,52636,188,237
20251201,1,20252432,주토피아 2,152584,2259450,1872,7839
20251201,2,20258383,나우 유 씨 미 3,16221,1268313,721,1857
20251201,3,20255381,위키드: 포 굿,11878,793806,815,1741
20251201,4,20256757,극장판 체인소 맨: 레제편,5423,3355106,454,646
20251201,5,20257161,국보,5250,120576,374,531
20251201,6,20247429,세계의 주인,1734,155098,114,192
20251201,7,20242374,한란,1278,16603,213,266
20251201,8,20259618,콘크리트 마켓,1233,1616,4,7
20251201,9,20125316,석류의 빛깔 ,930,11045,50,65
20251201,10,20253289,극장판 귀멸의 칼날: 무한성편,924,5663621,81,91
20251202,1,20252432,주토피아 2,141447,2400897,1919,7842
20251202,2,20258383,나우 유 씨 미 3,14702,1283015,728,1798
20251202,3,20255381,위키드: 포 굿,11803,805609,826,1708
20251202,4,20256757,극장판 체인소 맨: 레제편,5247,3360353,450,631
20251202,5,20257161,국보,5142,125718,373,526
20251202,6,20247429,세계의 주인,1850,156948,126,201
20251202,7,20242374,한란,1702,18305,226,288
20251202,8,20258739,극장판 주술회전: 시부야사변 X 사멸회유,1286,2945,26,26
20251202,9,20125316,석류의 빛깔 ,937,11982,54,69
20251202,10,20253289,극장판 귀멸의 칼날: 무한성편,909,5664530,80,90
20251203,1,20252432,주토피아 2,149236,2550133,1626,6352
20251203,2,20258739,극장판 주술회전: 시부야사변 X 사멸회유,52366,55311,733,1970
20251203,3,20249326,윗집 사람들,25425,34505,752,1765
20251203,4,20233259,정보원,20726,29967,766,1567
20251203,5,20253906,프레디의 피자가게 2,13096,13238,571,1288
20251203,6,20255381,위키드: 포 굿,7835,813444,547,775
20251203,7,20258383,나우 유 씨 미 3,7360,1290375,494,718
20251203,8,20256757,극장판 체인소 맨: 레제편,6192,3366545,215,234
20251203,9,20020234,반지의 제왕 : 두 개의 탑,4360,42495,12,46
20251203,10,20259618,콘크리트 마켓,3887,5503,188,344
20251204,1,20252432,주토피아 2,128427,2678560,1675,6399
20251204,2,20258739,극장판 주술회전: 시부야사변 X 사멸회유,22473,77784,733,1830
20251204,3,20249326,윗집 사람들,21533,56038,753,1749
20251204,4,20233259,정보원,17561,47528,741,1508
20251204,5,20255381,위키드: 포 굿,8210,821654,543,785
20251204,6,20258383,나우 유 씨 미 3,7998,1298373,509,742
20251204,7,20253906,프레디의 피자가게 2,7409,20647,542,1076
20251204,8,20256757,극장판 체인소 맨: 레제편,3178,3369723,212,237
20251204,9,20257161,국보,2758,131472,228,247
20251204,10,20259618,콘크리트 마켓,2388,7891,172,319
20251205,1,20252432,주토피아 2,189916,2868476,1771,7335
20251205,2,20249326,윗집 사람들,28539,84577,762,1777
20251205,3,20258739,극장판 주술회전: 시부야사변 X 사멸회유,25747,103531,728,1869
20251205,4,20233259,정보원,17237,64765,746,1555
20251205,5,20253906,프레디의 피자가게 2,12096,32743,566,1122
20251205,6,20255381,위키드: 포 굿,9518,831172,524,762
20251205,7,20258383,나우 유 씨 미 3,7281,1305654,494,726
20251205,8,20257161,국보,3390,134862,246,261
20251205,9,20256757,극장판 체인소 맨: 레제편,3068,3372791,214,241
20251205,10,20259618,콘크리트 마켓,2581,10472,167,306
20251206,1,20252432,주토피아 2,563535,3432011,2282,10308
20251206,2,20258739,극장판 주술회전: 시부야사변 X 사멸회유,53205,156736,756,1781
20251206,3,20249326,윗집 사람들,50178,134755,732,1520
20251206,4,20253906,프레디의 피자가게 2,28847,61590,541,900
20251206,5,20255381,위키드: 포 굿,21419,852591,472,678
20251206,6,20233259,정보원,19780,84545,670,1229
20251206,7,20256757,극장판 체인소 맨: 레제편,14485,3387276,234,272
20251206,8,20258383,나우 유 씨 미 3,11481,1317135,405,554
20251206,9,20259618,콘크리트 마켓,5097,15569,208,277
20251206,10,20257161,국보,4515,139377,171,186
20251207,1,20252432,주토피아 2,499205,3931216,2240,9920
20251207,2,20249326,윗집 사람들,50746,185501,730,1527
20251207,3,20258739,극장판 주술회전: 시부야사변 X 사멸회유,42744,199480,728,1705
20251207,4,20253906,프레디의 피자가게 2,24544,86134,523,857
20251207,5,20255381,위키드: 포 굿,18501,871092,458,645
20251207,6,20233259,정보원,16719,101264,651,1164
20251207,7,20258383,나우 유 씨 미 3,9576,1326711,387,521
20251207,8,20256757,극장판 체인소 맨: 레제편,6144,3393420,221,251
20251207,9,20257161,국보,4577,143954,164,178
20251207,10,20259618,콘크리트 마켓,3470,19039,191,253
20251208,1,20252432,주토피아 2,96969,4028185,1699,6705
20251208,2,20249326,윗집 사람들,20548,206049,681,1745
20251208,3,20258739,극장판 주술회전: 시부야사변 X 사멸회유,10661,210141,644,1510
20251208,4,20233259,정보원,7046,108310,627,1195
20251208,5,20255381,위키드: 포 굿,6131,877223,485,692
20251208,6,20253906,프레디의 피자가게 2,5633,91767,481,792
20251208,7,20258383,나우 유 씨 미 3,4224,1330935,417,585
20251208,8,20257161,국보,2763,146717,234,262
20251208,9,20256757,극장판 체인소 맨: 레제편,2601,3396021,207,241
20251208,10,20247429,세계의 주인,1269,166061,109,135
20251209,1,20252432,주토피아 2,96276,4124461,1709,6645
20251209,2,20249326,윗집 사람들,20555,226604,717,1793
20251209,3,20233259,정보원,9874,118184,651,1206
20251209,4,20258739,극장판 주술회전: 시부야사변 X 사멸회유,9635,219776,657,1486
20251209,5,20253906,프레디의 피자가게 2,6368,98135,483,792
20251209,6,20255381,위키드: 포 굿,5525,882748,462,659
20251209,7,20258383,나우 유 씨 미 3,5106,1336041,411,567
20251209,8,20257161,국보,3623,150340,245,268
20251209,9,20256757,극장판 체인소 맨: 레제편,2770,3398791,216,250
20251209,10,20259618,콘크리트 마켓,2008,21784,169,238
20251210,1,20252432,주토피아 2,131348,4255809,1748,6888
20251210,2,20249326,윗집 사람들,20869,247473,688,1840
20251210,3,20258739,극장판 주술회전: 시부야사변 X 사멸회유,11782,231558,629,1337
20251210,4,20253906,프레디의 피자가게 2,7665,105800,383,562
20251210,5,20233259,정보원,7480,125664,495,747
20251210,6,20256025,더 러닝 맨,7260,8463,557,1224
20251210,7,20255381,위키드: 포 굿,5710,888458,367,494
20251210,8,20258383,나우 유 씨 미 3,5428,1341469,308,380
20251210,9,20242541,룩백,4093,313985,43,74
20251210,10,20254054,여행과 나날,3786,5525,136,163
20251211,1,20252432,주토피아 2,108697,4364506,1691,6686
20251211,2,20249326,윗집 사람들,21230,268703,709,1836
20251211,3,20258739,극장판 주술회전: 시부야사변 X 사멸회유,9226,240784,599,1223
20251211,4,20233259,정보원,6659,132323,470,640
20251211,5,20253906,프레디의 피자가게 2,6574,112374,396,560
20251211,6,20258808,뽀로로 극장판 스위트캐슬 대모험,6510,7565,439,631
20251211,7,20255381,위키드: 포 굿,5759,894217,359,470
20251211,8,20256025,더 러닝 맨,5590,14053,547,1064
20251211,9,20258383,나우 유 씨 미 3,3659,1345128,281,346
20251211,10,20257161,국보,3150,156820,194,213
20251212,1,20252432,주토피아 2,180122,4544628,1800,7357
20251212,2,20249326,윗집 사람들,28952,297655,737,1999
20251212,3,20258739,극장판 주술회전: 시부야사변 X 사멸회유,14080,254864,622,1306
20251212,4,20253906,프레디의 피자가게 2,11451,123825,430,647
20251212,5,20255381,위키드: 포 굿,8616,902833,378,509
20251212,6,20258808,뽀로로 극장판 스위트캐슬 대모험,5870,13435,465,637
20251212,7,20233259,정보원,5800,138123,441,607
20251212,8,20256025,더 러닝 맨,5242,19295,536,1015
20251212,9,20258383,나우 유 씨 미 3,4436,1349564,291,343
20251212,10,20250024,블루 아카이브 : 디 오케스트라 인 시네마,3774,3924,47,62
20251213,1,20252432,주토피아 2,427384,4972012,2114,9545
20251213,2,20249326,윗집 사람들,57753,355408,768,2018
20251213,3,20258808,뽀로로 극장판 스위트캐슬 대모험,32811,46246,660,1368
20251213,4,20253906,프레디의 피자가게 2,28416,152241,463,765
20251213,5,20258739,극장판 주술회전: 시부야사변 X 사멸회유,24141,279005,635,1194
20251213,6,20255381,위키드: 포 굿,12899,915732,335,440
20251213,7,20256025,더 러닝 맨,6490,25785,544,785
20251213,8,20254054,여행과 나날,4671,16605,154,185
20251213,9,20256757,극장판 체인소 맨: 레제편,4347,3409895,180,205
20251213,10,20258383,나우 유 씨 미 3,4104,1353668,210,234
20251214,1,20252432,주토피아 2,398897,5370909,2108,9102
20251214,2,20249326,윗집 사람들,53649,409057,763,1934
20251214,3,20258808,뽀로로 극장판 스위트캐슬 대모험,35748,81994,653,1350
20251214,4,20253906,프레디의 피자가게 2,26412,178653,472,751
20251214,5,20258739,극장판 주술회전: 시부야사변 X 사멸회유,21033,300038,628,1141
20251214,6,20255381,위키드: 포 굿,11490,927222,332,426
20251214,7,20256025,더 러닝 맨,5213,30998,518,725
20251214,8,20257161,국보,4278,168773,136,149
20251214,9,20233259,정보원,4146,146321,310,398
20251214,10,20254054,여행과 나날,4014,20619,148,179
20251215,1,20252432,주토피아 2,81923,5452832,1679,6576
20251215,2,20249326,윗집 사람들,19175,428232,687,1948
20251215,3,20258739,극장판 주술회전: 시부야사변 X 사멸회유,6528,306566,541,998
20251215,4,20253906,프레디의 피자가게 2,6159,184812,389,637
20251215,5,20255381,위키드: 포 굿,5252,932474,355,461
20251215,6,20233259,정보원,3333,149654,339,453
20251215,7,20258383,나우 유 씨 미 3,3161,1360287,249,283
20251215,8,20256025,더 러닝 맨,3002,34000,454,690
20251215,9,20258808,뽀로로 극장판 스위트캐슬 대모험,2996,84990,355,442
20251215,10,20257161,국보,2734,171507,186,217
20251216,1,20252432,주토피아 2,93113,5545945,1735,6653
20251216,2,20249326,윗집 사람들,17583,445815,713,1964
20251216,3,20258739,극장판 주술회전: 시부야사변 X 사멸회유,7166,313732,549,1001
20251216,4,20253906,프레디의 피자가게 2,6541,191353,409,639
20251216,5,20255381,위키드: 포 굿,4968,937442,361,480
20251216,6,20233259,정보원,4157,153811,352,438
20251216,7,20258808,뽀로로 극장판 스위트캐슬 대모험,3633,88623,365,463
20251216,8,20249255,만약에 우리,2907,3990,19,19
20251216,9,20258383,나우 유 씨 미 3,2667,1362954,246,291
20251216,10,20254054,여행과 나날,2508,25326,141,181
20251217,1,20256396,아바타: 불과 재,265031,266411,2582,8143
20251217,2,20252432,주토피아 2,85554,5631499,1084,2909
20251217,3,20249326,윗집 사람들,9154,454969,501,834
20251217,4,20258739,극장판 주술회전: 시부야사변 X 사멸회유,4044,317776,244,275
20251217,5,20258808,뽀로로 극장판 스위트캐슬 대모험,3303,91926,260,277
20251217,6,20242541,룩백,2518,322586,25,28
20251217,7,20254054,여행과 나날,2462,27788,74,89
20251217,8,20233259,정보원,2448,156259,56,66
20251217,9,20253906,프레디의 피자가게 2,2414,193767,121,149
20251217,10,20255381,위키드: 포 굿,1507,938949,69,73
20251218,1,20256396,아바타: 불과 재,179034,445445,2535,7819
20251218,2,20252432,주토피아 2,82280,5713779,1124,3063
20251218,3,20249326,윗집 사람들,10016,464985,527,857
20251218,4,20249255,만약에 우리,3438,7428,14,17
20251218,5,20258739,극장판 주술회전: 시부야사변 X 사멸회유,3224,321000,241,287
20251218,6,20258808,뽀로로 극장판 스위트캐슬 대모험,3034,94960,260,270
20251218,7,20233259,정보원,2723,158982,59,64
20251218,8,20253906,프레디의 피자가게 2,2511,196278,127,157
20251218,9,20254054,여행과 나날,2207,29995,79,93
20251218,10,20255381,위키드: 포 굿,1656,940605,71,78
20251219,1,20256396,아바타: 불과 재,246179,691624,2514,8034
20251219,2,20252432,주토피아 2,115388,5829167,1181,3411
20251219,3,20249326,윗집 사람들,11902,476887,548,905
20251219,4,20258739,극장판 주술회전: 시부야사변 X 사멸회유,4206,325206,248,288
20251219,5,20253906,프레디의 피자가게 2,3598,199876,143,188
20251219,6,20258808,뽀로로 극장판 스위트캐슬 대모험,3366,98326,272,290
20251219,7,20255381,위키드: 포 굿,2547,943152,77,91
20251219,8,20254054,여행과 나날,1994,31989,78,93
20251219,9,20233259,정보원,1830,160812,61,67
20251219,10,20258383,나우 유 씨 미 3,1807,1367031,35,39
20251220,1,20256396,아바타: 불과 재,548560,1240184,2385,8029
20251220,2,20252432,주토피아 2,258091,6087258,1332,4597
20251220,3,20258808,뽀로로 극장판 스위트캐슬 대모험,19257,117583,598,820
20251220,4,20249326,윗집 사람들,14902,491789,454,677
20251220,5,20253906,프레디의 피자가게 2,7812,207688,158,203
20251220,6,20258739,극장판 주술회전: 시부야사변 X 사멸회유,6910,332116,202,233
20251220,7,20259383,극장판 짱구는 못말려: 초화려! 작열하는 떡잎마을 댄서즈,5360,5360,76,76
20251220,8,20254054,여행과 나날,2884,34873,76,90
20251220,9,20255381,위키드: 포 굿,2600,945752,57,69
20251220,10,20257161,국보,1590,178881,42,44
20251221,1,20256396,아바타: 불과 재,505234,1745418,2369,7723
20251221,2,20252432,주토피아 2,246819,6334077,1304,4481
20251221,3,20258808,뽀로로 극장판 스위트캐슬 대모험,19227,136810,600,802
20251221,4,20249326,윗집 사람들,12296,504085,464,656
20251221,5,20258739,극장판 주술회전: 시부야사변 X 사멸회유,8229,340345,208,242
20251221,6,20253906,프레디의 피자가게 2,7770,215458,160,209
20251221,7,20259383,극장판 짱구는 못말려: 초화려! 작열하는 떡잎마을 댄서즈,4802,10162,68,69
20251221,8,20254054,여행과 나날,2203,37076,76,87
20251221,9,20255381,위키드: 포 굿,2178,947930,56,64
20251221,10,20257161,국보,1735,180616,42,43
20251222,1,20256396,아바타: 불과 재,152241,1897659,2249,6922
20251222,2,20252432,주토피아 2,66988,6401065,1163,3729
20251222,3,20249326,윗집 사람들,7423,511508,506,877
20251222,4,20258739,극장판 주술회전: 시부야사변 X 사멸회유,2830,343175,237,277
20251222,5,20258808,뽀로로 극장판 스위트캐슬 대모험,2780,139590,256,281
20251222,6,20249255,만약에 우리,2697,10125,12,12
20251222,7,20254219,"오늘 밤, 세계에서 이 사랑이 사라진다 해도",2588,2877,12,13
20251222,8,20255381,위키드: 포 굿,2212,950142,88,105
20251222,9,20253906,프레디의 피자가게 2,2014,217472,159,208
20251222,10,20254054,여행과 나날,1535,38611,70,87
20251223,1,20256396,아바타: 불과 재,145797,2043456,2280,6935
20251223,2,20252432,주토피아 2,66369,6467434,1181,3716
20251223,3,20249326,윗집 사람들,7687,519195,513,885
20251223,4,20258808,뽀로로 극장판 스위트캐슬 대모험,4109,143699,249,281
20251223,5,20258739,극장판 주술회전: 시부야사변 X 사멸회유,3128,346303,234,276
20251223,6,20233259,정보원,2343,164664,50,55
20251223,7,20253906,프레디의 피자가게 2,2015,219487,165,222
20251223,8,20255381,위키드: 포 굿,1877,952019,90,106
20251223,9,20256757,극장판 체인소 맨: 레제편,1644,3424467,55,63
20251223,10,20257161,국보,1302,182970,48,53
20251224,1,20256396,아바타: 불과 재,299139,2342595,2050,6465
20251224,2,20252432,주토피아 2,131302,6598736,1265,4336
20251224,3,20254219,"오늘 밤, 세계에서 이 사랑이 사라진다 해도",63918,66795,755,1855
20251224,4,20259383,극장판 짱구는 못말려: 초화려! 작열하는 떡잎마을 댄서즈,39535,49697,747,1652
20251224,5,20249326,윗집 사람들,5806,525001,194,244
20251224,6,20258808,뽀로로 극장판 스위트캐슬 대모험,4552,148251,256,282
20251224,7,20258621,척의 일생,3524,5127,167,193
20251224,8,20255381,위키드: 포 굿,2419,954438,47,56
20251224,9,20249255,만약에 우리,2293,12418,30,30
20251224,10,20256757,극장판 체인소 맨: 레제편,2047,3426514,40,43
20251225,1,20256396,아바타: 불과 재,640291,2982886,1998,6384
20251225,2,20252432,주토피아 2,431302,7030038,1356,5050
20251225,3,20254219,"오늘 밤, 세계에서 이 사랑이 사라진다 해도",115268,182063,794,1714
20251225,4,20259383,극장판 짱구는 못말려: 초화려! 작열하는 떡잎마을 댄서즈,113600,163297,735,1774
20251225,5,20258808,뽀로로 극장판 스위트캐슬 대모험,28011,176262,469,595
20251225,6,20249326,윗집 사람들,6276,531277,156,194
20251225,7,20253906,프레디의 피자가게 2,4467,224914,67,88
20251225,8,20249255,만약에 우리,3255,15673,24,26
20251225,9,20255381,위키드: 포 굿,2616,957054,38,44
20251225,10,20258621,척의 일생,2559,7686,143,160
20251226,1,20256396,아바타: 불과 재,271858,3254744,2034,6322
20251226,2,20252432,주토피아 2,108312,7138350,1235,4139
20251226,3,20254219,"오늘 밤, 세계에서 이 사랑이 사라진다 해도",46119,228182,818,1936
20251226,4,20259383,극장판 짱구는 못말려: 초화려! 작열하는 떡잎마을 댄서즈,24797,188094,740,1612
20251226,5,20258808,뽀로로 극장판 스위트캐슬 대모험,5373,181635,349,396
20251226,6,20249326,윗집 사람들,3389,534666,157,198
20251226,7,20258681,후지모토 타츠키 17-26 파트 1,2436,14867,114,162
20251226,8,20258633,후지모토 타츠키 17-26 파트 2,2423,14862,102,155
20251226,9,20258621,척의 일생,2410,10096,158,181
20251226,10,20255381,위키드: 포 굿,1481,958535,42,47
20251227,1,20256396,아바타: 불과 재,416651,3671395,2001,6478
20251227,2,20252432,주토피아 2,182036,7320386,1237,4424
20251227,3,20254219,"오늘 밤, 세계에서 이 사랑이 사라진다 해도",69417,297599,868,1958
20251227,4,20259383,극장판 짱구는 못말려: 초화려! 작열하는 떡잎마을 댄서즈,47037,235131,749,1715
20251227,5,20258808,뽀로로 극장판 스위트캐슬 대모험,9179,190814,403,478
20251227,6,20249326,윗집 사람들,3239,537905,128,163
20251227,7,20250444,코드: G 주목의 시작,2888,3689,39,69
20251227,8,20253906,프레디의 피자가게 2,2269,228642,66,82
20251227,9,20258621,척의 일생,1943,12039,145,167
20251227,10,20258739,극장판 주술회전: 시부야사변 X 사멸회유,1901,353368,63,65
20251228,1,20256396,아바타: 불과 재,364963,4036358,1976,6201
20251228,2,20252432,주토피아 2,159436,7479822,1210,4249
20251228,3,20254219,"오늘 밤, 세계에서 이 사랑이 사라진다 해도",67808,365407,864,1937
20251228,4,20259383,극장판 짱구는 못말려: 초화려! 작열하는 떡잎마을 댄서즈,42636,277767,751,1674
20251228,5,20258808,뽀로로 극장판 스위트캐슬 대모험,8589,199403,394,462
20251228,6,20249255,만약에 우리,3138,18811,10,14
20251228,7,20249326,윗집 사람들,2900,540805,125,154
20251228,8,20258621,척의 일생,2051,14090,149,168
20251228,9,20253906,프레디의 피자가게 2,1983,230625,68,81
20251228,10,20250444,코드: G 주목의 시작,1948,5637,39,67
20251229,1,20256396,아바타: 불과 재,138756,4175114,1875,5663
20251229,2,20252432,주토피아 2,59887,7539709,1046,3523
20251229,3,20254219,"오늘 밤, 세계에서 이 사랑이 사라진다 해도",33497,398904,772,2010
20251229,4,20259383,극장판 짱구는 못말려: 초화려! 작열하는 떡잎마을 댄서즈,15156,292923,649,1442
20251229,5,20258808,뽀로로 극장판 스위트캐슬 대모험,5870,205273,304,352
20251229,6,20249326,윗집 사람들,2284,543089,155,202
20251229,7,20258621,척의 일생,1476,15566,142,161
20251229,8,20255381,위키드: 포 굿,1308,963106,51,62
20251229,9,20257161,국보,1110,191245,28,37
20251229,10,20247457,신의악단,1005,4240,5,5
20251230,1,20256396,아바타: 불과 재,138613,4313727,1897,5732
20251230,2,20252432,주토피아 2,64173,7603882,1061,3566
20251230,3,20254219,"오늘 밤, 세계에서 이 사랑이 사라진다 해도",36791,435695,808,2047
20251230,4,20259383,극장판 짱구는 못말려: 초화려! 작열하는 떡잎마을 댄서즈,15488,308411,672,1446
20251230,5,20258808,뽀로로 극장판 스위트캐슬 대모험,5923,211196,322,366
20251230,6,20249326,윗집 사람들,2513,545602,155,212
20251230,7,20258621,척의 일생,1870,17436,154,173
20251230,8,20255381,위키드: 포 굿,1604,964710,51,62
20251230,9,20250444,코드: G 주목의 시작,1449,7888,36,56
20251230,10,20258739,극장판 주술회전: 시부야사변 X 사멸회유,1335,357540,76,84
20251231,1,20256396,아바타: 불과 재,255811,4569538,1857,5445
20251231,2,20249255,만약에 우리,110325,129136,961,2734
20251231,3,20252432,주토피아 2,101823,7705705,1001,2839
20251231,4,20254219,"오늘 밤, 세계에서 이 사랑이 사라진다 해도",53323,489018,781,1622
20251231,5,20247457,신의악단,20222,24632,496,811
20251231,6,20259383,극장판 짱구는 못말려: 초화려! 작열하는 떡잎마을 댄서즈,18979,327390,583,907
20251231,7,20259893,화양연화 특별판,9292,11279,174,197
20251231,8,20258808,뽀로로 극장판 스위트캐슬 대모험,4807,216003,199,215
20251231,9,20259333,누벨바그,4051,4597,141,222
20251231,10,20259563,파더 마더 시스터 브라더,3216,5344,63,68
20260101,1,20256396,아바타: 불과 재,358005,4927543,1752,5425
20260101,2,20252432,주토피아 2,137413,7843118,986,2876
20260101,3,20249255,만약에 우리,100059,229195,893,2589
20260101,4,20254219,"오늘 밤, 세계에서 이 사랑이 사라진다 해도",53427,542445,743,1469
20260101,5,20247457,신의악단,29755,54387,464,699
20260101,6,20256173,스폰지밥 무비: 네모바지를 찾아서,25204,27568,505,642
20260101,7,20259383,극장판 짱구는 못말려: 초화려! 작열하는 떡잎마을 댄서즈,24913,352303,545,782
20260101,8,20258272,톰과 제리: 황금나침반 대소동,13003,13459,406,484
20260101,9,20258808,뽀로로 극장판 스위트캐슬 대모험,5608,221611,197,212
20260101,10,20259893,화양연화 특별판,5002,16281,157,172
20260102,1,20256396,아바타: 불과 재,168103,5095646,1715,5316
20260102,2,20252432,주토피아 2,65880,7908998,920,2696
20260102,3,20249255,만약에 우리,64445,293640,880,2659
20260102,4,20254219,"오늘 밤, 세계에서 이 사랑이 사라진다 해도",28817,571262,734,1492
20260102,5,20247457,신의악단,15711,70098,477,731
20260102,6,20259383,극장판 짱구는 못말려: 초화려! 작열하는 떡잎마을 댄서즈,11978,364281,537,724
20260102,7,20256173,스폰지밥 무비: 네모바지를 찾아서,7121,34689,459,556
20260102,8,20227798,에반게리온 신극장판: 파,3764,11784,40,50
20260102,9,20258272,톰과 제리: 황금나침반 대소동,3733,17192,349,399
20260102,10,20258808,뽀로로 극장판 스위트캐슬 대모험,3511,225122,189,203
20260103,1,20256396,아바타: 불과 재,260785,5356431,1761,5503
20260103,2,20249255,만약에 우리,100809,394449,913,2723
20260103,3,20252432,주토피아 2,98413,8007411,964,2892
20260103,4,20254219,"오늘 밤, 세계에서 이 사랑이 사라진다 해도",42443,613705,741,1449
20260103,5,20247457,신의악단,23232,93330,498,721
20260103,6,20259383,극장판 짱구는 못말려: 초화려! 작열하는 떡잎마을 댄서즈,20177,384458,536,749
20260103,7,20256173,스폰지밥 무비: 네모바지를 찾아서,12958,47647,497,611
20260103,8,20258272,톰과 제리: 황금나침반 대소동,5102,22294,350,397
20260103,9,20258808,뽀로로 극장판 스위트캐슬 대모험,4509,229631,212,230
20260103,10,20259893,화양연화 특별판,4153,23574,171,198
20260104,1,20256396,아바타: 불과 재,201728,5558159,1733,5189
20260104,2,20249255,만약에 우리,98665,493114,918,2654
20260104,3,20252432,주토피아 2,81230,8088641,950,2760
20260104,4,20254219,"오늘 밤, 세계에서 이 사랑이 사라진다 해도",43686,657391,732,1414
20260104,5,20247457,신의악단,21817,115147,500,728
20260104,6,20259383,극장판 짱구는 못말려: 초화려! 작열하는 떡잎마을 댄서즈,18578,403036,540,734
20260104,7,20256173,스폰지밥 무비: 네모바지를 찾아서,11913,59560,493,606
20260104,8,20258808,뽀로로 극장판 스위트캐슬 대모험,4325,233956,221,238
20260104,9,20258272,톰과 제리: 황금나침반 대소동,4197,26491,338,375
20260104,10,20259893,화양연화 특별판,3000,26574,160,176
20260105,1,20256396,아바타: 불과 재,58948,5617107,1588,4409
20260105,2,20249255,만약에 우리,47857,540971,826,2522
20260105,3,20252432,주토피아 2,23959,8112600,786,2250
20260105,4,20254219,"오늘 밤, 세계에서 이 사랑이 사라진다 해도",14558,671949,674,1353
20260105,5,20247457,신의악단,13325,128472,499,757
20260105,6,20259383,극장판 짱구는 못말려: 초화려! 작열하는 떡잎마을 댄서즈,5216,408252,440,581
20260105,7,20259641,송 썽 블루,4567,4567,19,19
20260105,8,20256173,스폰지밥 무비: 네모바지를 찾아서,2451,62011,355,405
20260105,9,20258808,뽀로로 극장판 스위트캐슬 대모험,1728,235684,168,177
20260105,10,20259893,화양연화 특별판,1720,28294,155,173
20260106,1,20256396,아바타: 불과 재,52067,5669174,1595,4380
20260106,2,20249255,만약에 우리,51980,592951,856,2584
20260106,3,20252432,주토피아 2,22717,8135317,801,2207
20260106,4,20247457,신의악단,14880,143352,522,800
20260106,5,20254219,"오늘 밤, 세계에서 이 사랑이 사라진다 해도",14325,686274,680,1338
20260106,6,20259383,극장판 짱구는 못말려: 초화려! 작열하는 떡잎마을 댄서즈,5792,414044,445,585
20260106,7,20259641,송 썽 블루,2632,7199,15,15
20260106,8,20256173,스폰지밥 무비: 네모바지를 찾아서,2439,64450,348,405
20260106,9,20258808,뽀로로 극장판 스위트캐슬 대모험,1900,237584,175,180
20260106,10,20259893,화양연화 특별판,1857,30151,157,175
20260107,1,20249255,만약에 우리,54918,647869,925,2759
20260107,2,20256396,아바타: 불과 재,46668,5715842,1518,3997
20260107,3,20252432,주토피아 2,22565,8157882,788,2070
20260107,4,20254219,"오늘 밤, 세계에서 이 사랑이 사라진다 해도",13453,699727,632,1161
20260107,5,20247457,신의악단,11929,155281,507,819
20260107,6,20250115,굿 포츈,6072,6472,353,496
20260107,7,20259383,극장판 짱구는 못말려: 초화려! 작열하는 떡잎마을 댄서즈,5146,419190,400,491
20260107,8,20259250,피렌체,3304,5317,198,239
20260107,9,20259584,마이 선샤인,3012,4084,244,312
20260107,10,20259563,파더 마더 시스터 브라더,2917,18234,95,101
20260108,1,20249255,만약에 우리,58278,706147,981,2910
20260108,2,20256396,아바타: 불과 재,47530,5763372,1507,3963
20260108,3,20252432,주토피아 2,22400,8180282,778,2057
20260108,4,20247457,신의악단,15293,170574,508,852
20260108,5,20254219,"오늘 밤, 세계에서 이 사랑이 사라진다 해도",13825,713552,641,1170
20260108,6,20259383,극장판 짱구는 못말려: 초화려! 작열하는 떡잎마을 댄서즈,5704,424894,424,520
20260108,7,20250115,굿 포츈,4322,10794,380,521
20260108,8,20259563,파더 마더 시스터 브라더,2510,20744,95,99
20260108,9,20259250,피렌체,2158,7475,179,213
20260108,10,20249624,프로젝트 Y,2153,2153,9,9
20260109,1,20249255,만약에 우리,72659,778806,1043,3332
20260109,2,20256396,아바타: 불과 재,58050,5821422,1511,4147
20260109,3,20252432,주토피아 2,25685,8205967,801,2110
20260109,4,20247457,신의악단,16892,187466,572,963
20260109,5,20254219,"오늘 밤, 세계에서 이 사랑이 사라진다 해도",16298,729850,658,1211
20260109,6,20259383,극장판 짱구는 못말려: 초화려! 작열하는 떡잎마을 댄서즈,5650,430544,421,523
20260109,7,20250115,굿 포츈,3700,14494,371,498
20260109,8,20259250,피렌체,2216,9691,173,202
20260109,9,20256173,스폰지밥 무비: 네모바지를 찾아서,2213,70455,274,301
20260109,10,20259563,파더 마더 시스터 브라더,1859,22603,84,90
20260110,1,20256396,아바타: 불과 재,135341,5956763,1486,4307
20260110,2,20249255,만약에 우리,134301,913107,1102,3887
20260110,3,20252432,주토피아 2,56076,8262043,828,2335
20260110,4,20247457,신의악단,34696,222162,613,1075
20260110,5,20254219,"오늘 밤, 세계에서 이 사랑이 사라진다 해도",24595,754445,611,1100
20260110,6,20259383,극장판 짱구는 못말려: 초화려! 작열하는 떡잎마을 댄서즈,10840,441384,434,550
20260110,7,20256173,스폰지밥 무비: 네모바지를 찾아서,4446,74901,321,362
20260110,8,20258325,스노우 폭스 : 마법의 돌을 찾아서,3605,3641,180,242
20260110,9,20250115,굿 포츈,3352,17846,331,434
20260110,10,20250188,하트맨,2605,4036,16,18
20260111,1,20249255,만약에 우리,133310,1046417,1107,3783
20260111,2,20256396,아바타: 불과 재,122869,6079632,1453,4052
20260111,3,20252432,주토피아 2,51881,8313924,819,2218
20260111,4,20247457,신의악단,38268,260430,631,1088
20260111,5,20254219,"오늘 밤, 세계에서 이 사랑이 사라진다 해도",24849,779294,620,1085
20260111,6,20259383,극장판 짱구는 못말려: 초화려! 작열하는 떡잎마을 댄서즈,11379,452763,434,545
20260111,7,20256173,스폰지밥 무비: 네모바지를 찾아서,4461,79362,316,340
20260111,8,20258325,스노우 폭스 : 마법의 돌을 찾아서,3504,7145,177,232
20260111,9,20250115,굿 포츈,2764,20610,317,395
20260111,10,20258808,뽀로로 극장판 스위트캐슬 대모험,2680,247845,163,173
20260112,1,20249255,만약에 우리,54601,1101018,944,3459
20260112,2,20256396,아바타: 불과 재,35410,6115042,1301,3319
20260112,3,20247457,신의악단,16112,276542,547,1086
20260112,4,20252432,주토피아 2,14719,8328643,664,1765
20260112,5,20254219,"오늘 밤, 세계에서 이 사랑이 사라진다 해도",8772,788066,562,1029
20260112,6,20259383,극장판 짱구는 못말려: 초화려! 작열하는 떡잎마을 댄서즈,3538,456301,346,424
20260112,7,20250115,굿 포츈,1543,22153,254,310
20260112,8,20259250,피렌체,1158,15354,162,179
20260112,9,20259563,파더 마더 시스터 브라더,1149,27131,89,93
20260112,10,20247690,시스터,1071,1071,4,5
20260113,1,20249255,만약에 우리,53830,1154848,968,3476
20260113,2,20256396,아바타: 불과 재,32821,6147863,1327,3298
20260113,3,20247457,신의악단,16048,292590,567,1102
20260113,4,20252432,주토피아 2,14879,8343522,682,1738
20260113,5,20254219,"오늘 밤, 세계에서 이 사랑이 사라진다 해도",8974,797040,585,1067
20260113,6,20259383,극장판 짱구는 못말려: 초화려! 작열하는 떡잎마을 댄서즈,3629,459930,364,441
20260113,7,20250115,굿 포츈,1873,24026,274,354
20260113,8,20259250,피렌체,1770,17124,175,203
20260113,9,20258808,뽀로로 극장판 스위트캐슬 대모험,1414,249736,95,99
20260113,10,20256173,스폰지밥 무비: 네모바지를 찾아서,1374,81767,187,199
20260114,1,20249255,만약에 우리,52687,1207535,964,3425
20260114,2,20256396,아바타: 불과 재,28380,6176243,1064,2391
20260114,3,20250188,하트맨,26685,33187,839,2941
20260114,4,20250482,"신비아파트 10주년 극장판: 한 번 더, 소환",23430,31235,597,1033
20260114,5,20247457,신의악단,12554,305144,524,970
20260114,6,20252432,주토피아 2,12275,8355797,647,1199
20260114,7,20254219,"오늘 밤, 세계에서 이 사랑이 사라진다 해도",5605,802645,379,575
20260114,8,20228555,더 퍼스트 슬램덩크,5290,4908867,57,147
20260114,9,20250438,끝이 없는 스칼렛,3762,3762,165,322
20260114,10,20246546,보이,2765,4166,145,193
20260115,1,20249255,만약에 우리,49896,1257431,984,3381
20260115,2,20256396,아바타: 불과 재,25551,6201794,1047,2324
20260115,3,20250188,하트맨,17810,50997,809,2641
20260115,4,20247457,신의악단,15898,321042,579,1060
20260115,5,20250482,"신비아파트 10주년 극장판: 한 번 더, 소환",14546,45781,709,1147
20260115,6,20252432,주토피아 2,11767,8367564,625,1166
20260115,7,20254219,"오늘 밤, 세계에서 이 사랑이 사라진다 해도",5237,807882,384,575
20260115,8,20228555,더 퍼스트 슬램덩크,2331,4911198,57,138
20260115,9,20246546,보이,2185,6351,144,182
20260115,10,20259383,극장판 짱구는 못말려: 초화려! 작열하는 떡잎마을 댄서즈,1894,463808,189,206
20260116,1,20249255,만약에 우리,61474,1318905,1026,3650
20260116,2,20256396,아바타: 불과 재,32556,6234350,1044,2448
20260116,3,20250188,하트맨,22013,73010,814,2700
20260116,4,20247457,신의악단,19528,340570,615,1207
20260116,5,20252432,주토피아 2,14118,8381682,664,1204
20260116,6,20250482,"신비아파트 10주년 극장판: 한 번 더, 소환",13466,59247,721,1205
20260116,7,20254219,"오늘 밤, 세계에서 이 사랑이 사라진다 해도",6030,813912,405,619
20260116,8,20228555,더 퍼스트 슬램덩크,2049,4913247,57,137
20260116,9,20246546,보이,1990,8341,134,167
20260116,10,20259383,극장판 짱구는 못말려: 초화려! 작열하는 떡잎마을 댄서즈,1724,465532,186,205
20260117,1,20249255,만약에 우리,133179,1452084,1116,4089
20260117,2,20256396,아바타: 불과 재,77508,6311858,1048,2584
20260117,3,20250482,"신비아파트 10주년 극장판: 한 번 더, 소환",52370,111617,868,1746
20260117,4,20250188,하트맨,46295,119305,820,2709
20260117,5,20247457,신의악단,45981,386551,734,1450
20260117,6,20252432,주토피아 2,30637,8412319,728,1394
20260117,7,20254219,"오늘 밤, 세계에서 이 사랑이 사라진다 해도",11103,825015,407,647
20260117,8,20250299,고고다이노 극장판: 곤충세계 대모험,6976,13237,240,343
20260117,9,20259383,극장판 짱구는 못말려: 초화려! 작열하는 떡잎마을 댄서즈,3960,469492,213,238
20260117,10,20228555,더 퍼스트 슬램덩크,2741,4915988,57,133
20260118,1,20249255,만약에 우리,121751,1573835,1084,3878
20260118,2,20256396,아바타: 불과 재,66975,6378833,1036,2467
20260118,3,20247457,신의악단,49330,435881,740,1406
20260118,4,20250482,"신비아파트 10주년 극장판: 한 번 더, 소환",48428,160045,857,1725
20260118,5,20250188,하트맨,38886,158191,808,2507
20260118,6,20252432,주토피아 2,28204,8440523,735,1333
20260118,7,20254219,"오늘 밤, 세계에서 이 사랑이 사라진다 해도",10668,835683,401,618
20260118,8,20250299,고고다이노 극장판: 곤충세계 대모험,7574,20811,255,345
20260118,9,20259383,극장판 짱구는 못말려: 초화려! 작열하는 떡잎마을 댄서즈,3689,473181,211,230
20260118,10,20228555,더 퍼스트 슬램덩크,2487,4918475,58,125
20260119,1,20249255,만약에 우리,48031,1621866,986,3567
20260119,2,20247457,신의악단,24177,460058,605,1373
20260119,3,20256396,아바타: 불과 재,19814,6398647,959,2095
20260119,4,20250188,하트맨,11729,169920,683,2026
20260119,5,20252432,주토피아 2,7820,8448343,575,1075
20260119,6,20250482,"신비아파트 10주년 극장판: 한 번 더, 소환",7198,167243,569,1073
20260119,7,20254219,"오늘 밤, 세계에서 이 사랑이 사라진다 해도",3717,839400,363,574
20260119,8,20240400,슈가,2084,2302,10,10
20260119,9,20259383,극장판 짱구는 못말려: 초화려! 작열하는 떡잎마을 댄서즈,1410,474591,167,192
20260119,10,20228555,더 퍼스트 슬램덩크,1061,4919536,58,127
20260120,1,20249255,만약에 우리,43769,1665635,1006,3581
20260120,2,20247457,신의악단,24077,484135,644,1454
20260120,3,20256396,아바타: 불과 재,18196,6416843,956,2071
20260120,4,20250188,하트맨,12143,182063,675,2016
20260120,5,20252432,주토피아 2,8350,8456693,580,1047
20260120,6,20250482,"신비아파트 10주년 극장판: 한 번 더, 소환",6960,174203,581,1051
20260120,7,20254219,"오늘 밤, 세계에서 이 사랑이 사라진다 해도",3811,843211,368,579
20260120,8,20259383,극장판 짱구는 못말려: 초화려! 작열하는 떡잎마을 댄서즈,1542,476133,175,201
20260120,9,20246546,보이,1526,12783,122,143
20260120,10,20228555,더 퍼스트 슬램덩크,1300,4920836,58,125
20260121,1,20249255,만약에 우리,41618,1707253,886,3171
20260121,2,20249624,프로젝트 Y,24398,26551,781,2785
20260121,3,20247457,신의악단,18809,502944,618,1194
20260121,4,20256396,아바타: 불과 재,16497,6433340,711,1585
20260121,5,20040549,천공의 성 라퓨타,14433,36402,431,727
20260121,6,20252432,주토피아 2,6749,8463442,449,674
20260121,7,20250188,하트맨,6346,188409,539,1021
20260121,8,20258324,731,6084,6084,314,492
20260121,9,20250482,"신비아파트 10주년 극장판: 한 번 더, 소환",5290,179493,501,791
20260121,10,20030316,반지의 제왕 : 왕의 귀환,4569,731630,12,43
20260122,1,20249255,만약에 우리,39480,1746733,932,3194
20260122,2,20247457,신의악단,25198,528142,717,1371
20260122,3,20256396,아바타: 불과 재,15860,6449200,717,1574
20260122,4,20249624,프로젝트 Y,14435,40986,760,2447
20260122,5,20252432,주토피아 2,6811,8470253,451,665
20260122,6,20250188,하트맨,6195,194604,534,972
20260122,7,20250482,"신비아파트 10주년 극장판: 한 번 더, 소환",5841,185334,511,793
20260122,8,20040549,천공의 성 라퓨타,5209,41611,419,661
20260122,9,20258324,731,4088,10172,312,448
20260122,10,20259552,시라트,3003,9385,191,233
20260123,1,20249255,만약에 우리,49885,1796618,987,3448
20260123,2,20247457,신의악단,26432,554574,753,1565
20260123,3,20256396,아바타: 불과 재,20690,6469890,715,1694
20260123,4,20249624,프로젝트 Y,14716,55702,742,2413
20260123,5,20252432,주토피아 2,9073,8479326,486,736
20260123,6,20250188,하트맨,6409,201013,550,1011
20260123,7,20250482,"신비아파트 10주년 극장판: 한 번 더, 소환",6179,191513,518,816
20260123,8,20040549,천공의 성 라퓨타,4841,46452,413,637
20260123,9,20227810,에반게리온 신극장판: Q,4555,11533,54,88
20260123,10,20259552,시라트,4100,13485,188,247
20260124,1,20249255,만약에 우리,108141,1904759,1047,3929
20260124,2,20247457,신의악단,57760,612334,811,1989
20260124,3,20256396,아바타: 불과 재,50122,6520012,772,1822
20260124,4,20250482,"신비아파트 10주년 극장판: 한 번 더, 소환",25729,217242,683,1340
20260124,5,20249624,프로젝트 Y,24718,80420,800,2268
20260124,6,20252432,주토피아 2,20176,8499502,581,928
20260124,7,20250188,하트맨,14353,215366,613,1027
20260124,8,20040549,천공의 성 라퓨타,11062,57514,416,608
20260124,9,20259552,시라트,5061,18546,195,248
20260124,10,20250299,고고다이노 극장판: 곤충세계 대모험,4935,28570,210,297
20260125,1,20249255,만약에 우리,96261,2001020,1065,3766
20260125,2,20247457,신의악단,71119,683453,907,1979
20260125,3,20256396,아바타: 불과 재,44828,6564840,754,1731
20260125,4,20250482,"신비아파트 10주년 극장판: 한 번 더, 소환",27907,245149,707,1321
20260125,5,20249624,프로젝트 Y,21462,101882,774,2080
20260125,6,20252432,주토피아 2,20513,8520015,594,907
20260125,7,20250188,하트맨,12955,228321,599,962
20260125,8,20040549,천공의 성 라퓨타,8268,65782,406,567
20260125,9,20250299,고고다이노 극장판: 곤충세계 대모험,5204,33774,214,288
20260125,10,20050082,이터널 선샤인,4673,571306,113,165
20260126,1,20249255,만약에 우리,33426,2034446,917,3302
20260126,2,20247457,신의악단,24253,707706,660,1739
20260126,3,20256396,아바타: 불과 재,13127,6577967,682,1534
20260126,4,20249624,프로젝트 Y,7220,109102,635,1656
20260126,5,20252432,주토피아 2,5435,8525450,453,670
20260126,6,20250482,"신비아파트 10주년 극장판: 한 번 더, 소환",3685,248834,415,596
20260126,7,20040549,천공의 성 라퓨타,3338,69120,386,556
20260126,8,20250188,하트맨,3270,231591,451,750
20260126,9,20259552,시라트,2583,25518,188,236
20260126,10,20050082,이터널 선샤인,2108,573414,95,167
20260127,1,20249255,만약에 우리,31908,2066354,926,3325
20260127,2,20247457,신의악단,24067,731773,678,1766
20260127,3,20256396,아바타: 불과 재,12618,6590585,687,1515
20260127,4,20249624,프로젝트 Y,7363,116465,656,1660
20260127,5,20242837,왕과 사는 남자,5943,15958,29,29
20260127,6,20252432,주토피아 2,5821,8531271,470,690
20260127,7,20250482,"신비아파트 10주년 극장판: 한 번 더, 소환",4061,252895,449,659
20260127,8,20250188,하트맨,3568,235159,456,748
20260127,9,20040549,천공의 성 라퓨타,3513,72633,394,579
20260127,10,20259552,시라트,2904,28422,185,239
20260128,1,20249255,만약에 우리,47906,2114260,890,2916
20260128,2,20247457,신의악단,29563,761336,684,1590
20260128,3,20250644,직장상사 길들이기,13400,14966,654,1547
20260128,4,20256396,아바타: 불과 재,13207,6603792,602,1083
20260128,5,20247690,시스터,11182,12648,650,1555
20260128,6,20250686,하우스메이드,9297,11710,533,915
20260128,7,20258885,프라이메이트,7922,9389,502,911
20260128,8,20228313,"오늘 밤, 세계에서 이 사랑이 사라진다 해도",6393,1223598,143,178
20260128,9,20040549,천공의 성 라퓨타,5748,78381,168,217
20260128,10,20250112,극장판 총집편 걸즈 밴드 크라이 청춘광주곡,5344,5846,130,245
20260129,1,20249255,만약에 우리,28847,2143107,817,2807
20260129,2,20247457,신의악단,24710,786046,630,1571
20260129,3,20256396,아바타: 불과 재,9420,6613212,569,1044
20260129,4,20250644,직장상사 길들이기,6419,21385,603,1352
20260129,5,20250686,하우스메이드,6330,18040,508,891
20260129,6,20247690,시스터,5535,18183,576,1312
20260129,7,20258885,프라이메이트,4927,14316,460,830
20260129,8,20228313,"오늘 밤, 세계에서 이 사랑이 사라진다 해도",4180,1227778,155,212
20260129,9,20252432,주토피아 2,3435,8539190,303,362
20260129,10,20250482,"신비아파트 10주년 극장판: 한 번 더, 소환",3306,259546,294,362
20260130,1,20249255,만약에 우리,36845,2179952,864,3057
20260130,2,20247457,신의악단,24438,810484,656,1712
20260130,3,20256396,아바타: 불과 재,12419,6625631,591,1132
20260130,4,20250644,직장상사 길들이기,7725,29110,614,1423
20260130,5,20250686,하우스메이드,7059,25099,529,943
20260130,6,20247690,시스터,5735,23918,587,1298
20260130,7,20258885,프라이메이트,4862,19178,453,809
20260130,8,20252432,주토피아 2,4096,8543286,323,392
20260130,9,20228313,"오늘 밤, 세계에서 이 사랑이 사라진다 해도",3463,1231241,163,241
20260130,10,20250482,"신비아파트 10주년 극장판: 한 번 더, 소환",3462,263008,330,417
20260131,1,20249255,만약에 우리,78952,2258904,939,3463
20260131,2,20247457,신의악단,58132,868616,806,2210
20260131,3,20256396,아바타: 불과 재,29770,6655401,628,1286
20260131,4,20250644,직장상사 길들이기,15291,44401,661,1412
20260131,5,20250482,"신비아파트 10주년 극장판: 한 번 더, 소환",15180,278188,508,772
20260131,6,20252432,주토피아 2,12943,8556229,479,687
20260131,7,20250686,하우스메이드,12160,37259,540,1003
20260131,8,20247690,시스터,11488,35406,601,1307
20260131,9,20040549,천공의 성 라퓨타,8808,91585,174,218
20260131,10,20228313,"오늘 밤, 세계에서 이 사랑이 사라진다 해도",7359,1238600,175,282
20260201,1,20247457,신의악단,65768,934384,893,2139
20260201,2,20249255,만약에 우리,63941,2322845,923,3249
20260201,3,20256396,아바타: 불과 재,24485,6679886,614,1215
20260201,4,20250482,"신비아파트 10주년 극장판: 한 번 더, 소환",16242,294430,515,770
20260201,5,20252432,주토피아 2,11991,8568220,487,668
20260201,6,20250644,직장상사 길들이기,11250,55651,641,1267
20260201,7,20247690,시스터,9640,45046,586,1206
20260201,8,20250686,하우스메이드,9199,46458,540,925
20260201,9,20228313,"오늘 밤, 세계에서 이 사랑이 사라진다 해도",8325,1246925,167,276
20260201,10,20250563,정글비트 2,4359,12813,309,353
20260202,1,20249255,만약에 우리,24356,2347201,821,2824
20260202,2,20247457,신의악단,22340,956724,668,1864
20260202,3,20256396,아바타: 불과 재,7396,6687282,539,1027
20260202,4,20247690,시스터,4976,50022,499,996
20260202,5,20250686,하우스메이드,4477,50935,478,882
20260202,6,20250644,직장상사 길들이기,4116,59767,553,1041
20260202,7,20228313,"오늘 밤, 세계에서 이 사랑이 사라진다 해도",2952,1249877,157,277
20260202,8,20252432,주토피아 2,2719,8570939,303,385
20260202,9,20258885,프라이메이트,2292,31637,374,538
20260202,10,20250482,"신비아파트 10주년 극장판: 한 번 더, 소환",2155,296585,282,349
20260203,1,20249255,만약에 우리,23039,2370240,830,2819
20260203,2,20247457,신의악단,22713,979437,699,1901
20260203,3,20256396,아바타: 불과 재,8043,6695325,558,1044
20260203,4,20247690,시스터,7643,57665,538,1061
20260203,5,20250686,하우스메이드,4573,55508,491,866
20260203,6,20250644,직장상사 길들이기,3676,63443,552,996
20260203,7,20252373,넘버원,3516,4218,17,17
20260203,8,20252432,주토피아 2,3306,8574245,321,413
20260203,9,20258885,프라이메이트,3057,34694,378,544
20260203,10,20228313,"오늘 밤, 세계에서 이 사랑이 사라진다 해도",2922,1252799,162,278
20260204,1,20242837,왕과 사는 남자,117783,147538,1658,6932
20260204,2,20249255,만약에 우리,16140,2386380,633,1577
20260204,3,20261439,"2024.12.03 그날 조작된 내란, 감춰진 진실",16132,19832,145,229
20260204,4,20247457,신의악단,15039,994476,607,1253
20260204,5,20250878,노 머시: 90분,10152,17430,538,1413
20260204,6,20261526,아이엠스타!X프리파라 더 무비 -만남의 기적!-,7064,7064,118,160
20260204,7,20241266,휴민트,4087,5089,16,17
20260204,8,20256396,아바타: 불과 재,3142,6698467,304,377
20260204,9,20261041,스트레이 키즈 : 더 도미네이트 익스피리언스,3029,3029,103,184
20260204,10,20228313,"오늘 밤, 세계에서 이 사랑이 사라진다 해도",1925,1254724,96,145
20260205,1,20242837,왕과 사는 남자,91731,239269,1612,6723
20260205,2,20261439,"2024.12.03 그날 조작된 내란, 감춰진 진실",20036,39868,229,346
20260205,3,20247457,신의악단,17621,1012097,623,1312
20260205,4,20249255,만약에 우리,15556,2401936,652,1551
20260205,5,20250878,노 머시: 90분,7421,24851,565,1353
20260205,6,20252373,넘버원,5574,11396,26,26
20260205,7,20261526,아이엠스타!X프리파라 더 무비 -만남의 기적!-,3994,11058,115,154
20260205,8,20256396,아바타: 불과 재,3160,6701627,294,366
20260205,9,20250112,극장판 총집편 걸즈 밴드 크라이 청춘광주곡,2499,14097,72,84
20260205,10,20228313,"오늘 밤, 세계에서 이 사랑이 사라진다 해도",1867,1256591,98,149
20260206,1,20242837,왕과 사는 남자,126625,365894,1653,7152
20260206,2,20261439,"2024.12.03 그날 조작된 내란, 감춰진 진실",21207,61075,295,473
20260206,3,20249255,만약에 우리,18795,2420731,685,1679
20260206,4,20247457,신의악단,17564,1029661,671,1408
20260206,5,20250878,노 머시: 90분,9002,33853,573,1318
20260206,6,20256396,아바타: 불과 재,4784,6706411,316,391
20260206,7,20261526,아이엠스타!X프리파라 더 무비 -만남의 기적!-,3431,14489,108,153
20260206,8,20228313,"오늘 밤, 세계에서 이 사랑이 사라진다 해도",1936,1258527,103,152
20260206,9,20250686,하우스메이드,1825,60214,218,272
20260206,10,20252432,주토피아 2,1731,8578897,133,150
20260207,1,20242837,왕과 사는 남자,327112,693006,1717,7714
20260207,2,20247457,신의악단,36204,1065865,731,1550
20260207,3,20249255,만약에 우리,33549,2454280,718,1621
20260207,4,20261439,"2024.12.03 그날 조작된 내란, 감춰진 진실",30812,91887,403,718
20260207,5,20250878,노 머시: 90분,15000,48853,595,1164
20260207,6,20250604,극장판 엉덩이 탐정: 스타 앤드 문,10039,10581,247,492
20260207,7,20256396,아바타: 불과 재,9541,6715952,312,381
20260207,8,20250482,"신비아파트 10주년 극장판: 한 번 더, 소환",7377,310770,309,376
20260207,9,20241266,휴민트,5752,10841,20,21
20260207,10,20252432,주토피아 2,5258,8584155,223,255
20260208,1,20242837,왕과 사는 남자,308083,1001089,1724,7292
20260208,2,20247457,신의악단,50022,1115887,775,1490
20260208,3,20249255,만약에 우리,30125,2484405,718,1545
20260208,4,20261439,"2024.12.03 그날 조작된 내란, 감춰진 진실",28593,120480,419,760
20260208,5,20250878,노 머시: 90분,11996,60849,572,1078
20260208,6,20250604,극장판 엉덩이 탐정: 스타 앤드 문,10111,20692,254,479
20260208,7,20256396,아바타: 불과 재,8440,6724392,294,359
20260208,8,20250482,"신비아파트 10주년 극장판: 한 번 더, 소환",8313,319083,318,372
20260208,9,20252432,주토피아 2,5485,8589640,220,249
20260208,10,20261041,스트레이 키즈 : 더 도미네이트 익스피리언스,4961,12707,102,172
20260209,1,20242837,왕과 사는 남자,98379,1099468,1530,6494
20260209,2,20247457,신의악단,13546,1129433,595,1299
20260209,3,20249255,만약에 우리,12057,2496462,647,1470
20260209,4,20261439,"2024.12.03 그날 조작된 내란, 감춰진 진실",11513,131993,405,785
20260209,5,20250878,노 머시: 90분,5531,66380,511,947
20260209,6,20256396,아바타: 불과 재,2942,6727334,284,347
20260209,7,20252373,넘버원,2001,20089,13,13
20260209,8,20247690,시스터,1639,67780,172,197
20260209,9,20228313,"오늘 밤, 세계에서 이 사랑이 사라진다 해도",1400,1266896,98,137
20260209,10,20250686,하우스메이드,1359,65225,186,216
20260210,1,20242837,왕과 사는 남자,95582,1195050,1536,6557
20260210,2,20247457,신의악단,13519,1142952,597,1295
20260210,3,20249255,만약에 우리,11804,2508266,646,1462
20260210,4,20261439,"2024.12.03 그날 조작된 내란, 감춰진 진실",10705,142698,411,793
20260210,5,20250878,노 머시: 90분,6689,73069,540,989
20260210,6,20256396,아바타: 불과 재,3692,6731026,296,361
20260210,7,20250686,하우스메이드,2104,67329,194,232
20260210,8,20228313,"오늘 밤, 세계에서 이 사랑이 사라진다 해도",1664,1268560,93,132
20260210,9,20252432,주토피아 2,1413,8592191,109,124
20260210,10,20247690,시스터,1296,69076,147,168
20260211,1,20241266,휴민트,116740,131625,1520,6291
20260211,2,20242837,왕과 사는 남자,86924,1281974,1150,4203
20260211,3,20252373,넘버원,17231,37320,647,1723
20260211,4,20257823,폭풍의 언덕,10479,12000,428,816
20260211,5,20247457,신의악단,7920,1150872,426,597
20260211,6,20261439,"2024.12.03 그날 조작된 내란, 감춰진 진실",6863,149561,347,559
20260211,7,20249255,만약에 우리,6256,2514522,376,536
20260211,8,20261526,아이엠스타!X프리파라 더 무비 -만남의 기적!-,6239,28984,95,117
20260211,9,20261041,스트레이 키즈 : 더 도미네이트 익스피리언스,2770,16881,39,63
20260211,10,20250878,노 머시: 90분,2157,75226,158,189
20260212,1,20242837,왕과 사는 남자,83916,1365890,1206,4331
20260212,2,20241266,휴민트,81183,212808,1494,6079
20260212,3,20252373,넘버원,13932,51252,643,1629
20260212,4,20247457,신의악단,8661,1159533,428,613
20260212,5,20257823,폭풍의 언덕,6778,18778,423,759
20260212,6,20261439,"2024.12.03 그날 조작된 내란, 감춰진 진실",6751,156312,354,549
20260212,7,20249255,만약에 우리,6189,2520711,371,529
20260212,8,20261526,아이엠스타!X프리파라 더 무비 -만남의 기적!-,3390,32374,83,109
20260212,9,20250878,노 머시: 90분,2802,78028,155,188
20260212,10,20250840,바다 탐험대 옥토넛 어보브 앤 비욘드 : 육지생물 구조작전,1463,3259,141,169
20260213,1,20242837,왕과 사는 남자,133573,1499463,1420,5369
20260213,2,20241266,휴민트,91891,304699,1405,5809
20260213,3,20252373,넘버원,13978,65230,630,1590
20260213,4,20247457,신의악단,8978,1168511,418,590
20260213,5,20249255,만약에 우리,8177,2528888,376,517
20260213,6,20257823,폭풍의 언덕,5885,24663,403,692
20260213,7,20261439,"2024.12.03 그날 조작된 내란, 감춰진 진실",5467,161779,317,504
20260213,8,20227073,신 에반게리온 극장판,4747,34457,46,71
20260213,9,20250878,노 머시: 90분,3047,81075,152,180
20260213,10,20261526,아이엠스타!X프리파라 더 무비 -만남의 기적!-,2894,35268,76,108
20260214,1,20242837,왕과 사는 남자,357886,1857349,1729,6851
20260214,2,20241266,휴민트,194546,499245,1375,5819
20260214,3,20252373,넘버원,25550,90780,635,1318
20260214,4,20247457,신의악단,17415,1185926,436,602
20260214,5,20249255,만약에 우리,10620,2539508,353,469
20260214,6,20261439,"2024.12.03 그날 조작된 내란, 감춰진 진실",6702,168481,258,344
20260214,7,20257823,폭풍의 언덕,6450,31113,374,513
20260214,8,20250604,극장판 엉덩이 탐정: 스타 앤드 문,6012,32287,230,346
20260214,9,20250840,바다 탐험대 옥토넛 어보브 앤 비욘드 : 육지생물 구조작전,3618,7684,227,300
20260214,10,20250878,노 머시: 90분,3209,84284,158,174
20260215,1,20242837,왕과 사는 남자,465254,2322603,1836,7248
20260215,2,20241266,휴민트,204552,703797,1356,5601
20260215,3,20252373,넘버원,26374,117154,652,1325
20260215,4,20247457,신의악단,18816,1204742,420,567
20260215,5,20249255,만약에 우리,9449,2548957,370,478
20260215,6,20261439,"2024.12.03 그날 조작된 내란, 감춰진 진실",6781,175262,249,319
20260215,7,20250604,극장판 엉덩이 탐정: 스타 앤드 문,5253,37540,232,353
20260215,8,20257823,폭풍의 언덕,4804,35917,360,482
20260215,9,20250878,노 머시: 90분,3724,88008,141,161
20260215,10,20250840,바다 탐험대 옥토넛 어보브 앤 비욘드 : 육지생물 구조작전,3523,11207,219,297
20260216,1,20242837,왕과 사는 남자,537175,2859778,1899,7804
20260216,2,20241266,휴민트,182655,886452,1290,5280
20260216,3,20247457,신의악단,30221,1234963,434,623
20260216,4,20252373,넘버원,22493,139647,645,1131
20260216,5,20261439,"2024.12.03 그날 조작된 내란, 감춰진 진실",7568,182830,231,286
20260216,6,20249255,만약에 우리,7451,2556408,337,471
20260216,7,20250604,극장판 엉덩이 탐정: 스타 앤드 문,4503,42043,226,353
20260216,8,20257823,폭풍의 언덕,4022,39939,351,444
20260216,9,20250840,바다 탐험대 옥토넛 어보브 앤 비욘드 : 육지생물 구조작전,3602,14809,224,298
20260216,10,20250878,노 머시: 90분,2913,90921,130,148
20260217,1,20242837,왕과 사는 남자,661439,3521217,2010,8341
20260217,2,20241266,휴민트,213403,1099855,1225,4909
20260217,3,20247457,신의악단,33635,1268598,462,694
20260217,4,20252373,넘버원,21897,161544,605,1062
20260217,5,20261439,"2024.12.03 그날 조작된 내란, 감춰진 진실",7197,190027,205,239
20260217,6,20249255,만약에 우리,7021,2563429,319,432
20260217,7,20257823,폭풍의 언덕,4354,44293,330,411
20260217,8,20250604,극장판 엉덩이 탐정: 스타 앤드 문,4237,46280,208,312
20260217,9,20250878,노 머시: 90분,2702,93623,131,143
20260217,10,20252432,주토피아 2,2570,8604180,94,103
20260218,1,20242837,왕과 사는 남자,653634,4174851,2017,8045
20260218,2,20241266,휴민트,184951,1284806,1188,4360
20260218,3,20247457,신의악단,30600,1299198,492,692
20260218,4,20252373,넘버원,26301,187845,609,970
20260218,5,20261208,귀신 부르는 앱: 영,18263,18903,176,357
20260218,6,20261150,점보,12648,14169,355,453
20260218,7,20249255,만약에 우리,8477,2571906,288,374
20260218,8,20261439,"2024.12.03 그날 조작된 내란, 감춰진 진실",8450,198477,178,214
20260218,9,20261526,아이엠스타!X프리파라 더 무비 -만남의 기적!-,7831,50217,74,96
20260218,10,20250840,바다 탐험대 옥토넛 어보브 앤 비욘드 : 육지생물 구조작전,4101,21127,195,241
20260219,1,20242837,왕과 사는 남자,239783,4414634,1607,6521
20260219,2,20241266,휴민트,54834,1339640,1116,4036
20260219,3,20252373,넘버원,10762,198607,574,983
20260219,4,20261208,귀신 부르는 앱: 영,9175,28078,189,384
20260219,5,20247457,신의악단,8480,1307678,433,629
20260219,6,20261526,아이엠스타!X프리파라 더 무비 -만남의 기적!-,5533,55750,71,91
20260219,7,20249255,만약에 우리,4486,2576392,292,411
20260219,8,20250878,노 머시: 90분,3661,98458,60,70
20260219,9,20261439,"2024.12.03 그날 조작된 내란, 감춰진 진실",2969,201446,203,263
20260219,10,20250428,센티멘탈 밸류,2546,10113,188,221
20260220,1,20242837,왕과 사는 남자,264713,4679347,1771,7277
20260220,2,20241266,휴민트,51305,1390945,1089,3982
20260220,3,20252373,넘버원,9033,207640,593,988
20260220,4,20261208,귀신 부르는 앱: 영,8195,36273,190,380
20260220,5,20247457,신의악단,8017,1315695,457,684
20260220,6,20249255,만약에 우리,4384,2580776,304,418
20260220,7,20250428,센티멘탈 밸류,3416,13529,192,230
20260220,8,20261526,아이엠스타!X프리파라 더 무비 -만남의 기적!-,3408,59158,75,102
20260220,9,20261150,점보,3263,19902,312,352
20260220,10,20261439,"2024.12.03 그날 조작된 내란, 감춰진 진실",2102,203548,192,251
20260221,1,20242837,왕과 사는 남자,581160,5260507,2106,9006
20260221,2,20241266,휴민트,100054,1490999,1048,3624
20260221,3,20252373,넘버원,15757,223397,549,798
20260221,4,20247457,신의악단,14064,1329759,508,780
20260221,5,20261208,귀신 부르는 앱: 영,12759,49032,178,352
20260221,6,20261150,점보,9260,29162,370,479
20260221,7,20249255,만약에 우리,5053,2585829,244,302
20260221,8,20250428,센티멘탈 밸류,3769,17298,190,209
20260221,9,20257823,폭풍의 언덕,2307,53788,155,177
20260221,10,20030047,모노노케 히메,2289,198845,33,42
20260222,1,20242837,왕과 사는 남자,568288,5828795,2142,8689
20260222,2,20241266,휴민트,88007,1579006,1026,3381
20260222,3,20247457,신의악단,18886,1348645,524,752
20260222,4,20252373,넘버원,16015,239412,548,792
20260222,5,20261208,귀신 부르는 앱: 영,11391,60423,187,346
20260222,6,20261150,점보,9807,38969,371,477
20260222,7,20249255,만약에 우리,4116,2589945,240,291
20260222,8,20250428,센티멘탈 밸류,3541,20839,180,200
20260222,9,20030047,모노노케 히메,2234,201079,31,39
20260222,10,20261439,"2024.12.03 그날 조작된 내란, 감춰진 진실",2136,207669,149,173
20260223,1,20242837,왕과 사는 남자,195470,6024265,1756,7273
20260223,2,20241266,휴민트,32115,1611121,921,3101
20260223,3,20252373,넘버원,5276,244688,496,762
20260223,4,20247457,신의악단,4667,1353312,417,631
20260223,5,20261208,귀신 부르는 앱: 영,4474,64897,182,346
20260223,6,20261150,점보,2584,41553,281,306
20260223,7,20249255,만약에 우리,2328,2592273,257,350
20260223,8,20250428,센티멘탈 밸류,1915,22754,179,207
20260223,9,20250301,판결,1259,4001,7,7
20260223,10,20261181,너자 2,1160,3203,9,9
20260224,1,20242837,왕과 사는 남자,194636,6218901,1778,7331
20260224,2,20241266,휴민트,26624,1637745,936,3086
20260224,3,20252373,넘버원,5091,249779,502,763
20260224,4,20247457,신의악단,4914,1358226,416,632
20260224,5,20261208,귀신 부르는 앱: 영,4590,69487,181,340
20260224,6,20261150,점보,3553,45106,291,321
20260224,7,20250428,센티멘탈 밸류,2400,25154,197,225
20260224,8,20249255,만약에 우리,2187,2594460,249,341
20260224,9,20241501,매드 댄스 오피스,1542,1966,7,8
20260224,10,20257823,폭풍의 언덕,1324,57770,170,196
20260225,1,20242837,왕과 사는 남자,309572,6528473,1937,7497
20260225,2,20241266,휴민트,37892,1675637,855,2399
20260225,3,20259583,초속 5센티미터,17947,19020,568,1257
20260225,4,20261181,너자 2,6936,10139,277,584
20260225,5,20250365,햄넷,5633,11121,381,495
20260225,6,20247457,신의악단,4905,1363131,355,464
20260225,7,20252373,넘버원,4103,253882,291,364
20260225,8,20261208,귀신 부르는 앱: 영,3747,73234,188,252
20260225,9,20250428,센티멘탈 밸류,3558,28712,104,122
20260225,10,20261526,아이엠스타!X프리파라 더 무비 -만남의 기적!-,2509,66932,58,77
20260226,1,20242837,왕과 사는 남자,204929,6733402,1803,7335
20260226,2,20241266,휴민트,21909,1697546,786,2269
20260226,3,20259583,초속 5센티미터,9236,28256,515,1143
20260226,4,20261181,너자 2,5841,15980,263,565
20260226,5,20247457,신의악단,4584,1367715,363,464
20260226,6,20252373,넘버원,3929,257811,288,366
20260226,7,20261208,귀신 부르는 앱: 영,3460,76694,180,244
20260226,8,20261450,슬라이드 스트럼 뮤트,3119,3899,117,126
20260226,9,20250365,햄넷,3031,14152,352,457
20260226,10,20250428,센티멘탈 밸류,2130,30842,97,107
20260227,1,20242837,왕과 사는 남자,278059,7011461,1932,8039
20260227,2,20241266,휴민트,22005,1719551,739,2014
20260227,3,20259583,초속 5센티미터,9061,37317,518,1015
20260227,4,20257744,28년 후: 뼈의 사원,6209,6401,467,807
20260227,5,20247457,신의악단,4206,1371921,345,421
20260227,6,20261181,너자 2,3638,19618,256,464
20260227,7,20252373,넘버원,3395,261206,269,321
20260227,8,20261621,엔하이픈 [워크 더 라인 썸머 에디션] 인 시네마,2897,2897,61,117
20260227,9,20261208,귀신 부르는 앱: 영,2795,79489,163,220
20260227,10,20250365,햄넷,2752,16904,329,420
20260228,1,20242837,왕과 사는 남자,655719,7667180,2165,9758
20260228,2,20241266,휴민트,47959,1767510,816,2018
20260228,3,20259583,초속 5센티미터,12239,49556,542,949
20260228,4,20247457,신의악단,9281,1381202,376,474
20260228,5,20261181,너자 2,7981,27599,260,476
20260228,6,20257744,28년 후: 뼈의 사원,7664,14065,417,689
20260228,7,20261450,슬라이드 스트럼 뮤트,4770,9942,120,166
20260228,8,20250365,햄넷,4566,21470,326,407
20260228,9,20261208,귀신 부르는 앱: 영,4296,83785,152,202
20260228,10,20252373,넘버원,3401,264607,209,267
20260301,1,20242837,왕과 사는 남자,817182,8484362,2170,9709
20260301,2,20241266,휴민트,54656,1822166,784,1786
20260301,3,20256283,호퍼스,22185,22996,536,1172
20260301,4,20247457,신의악단,10536,1391738,327,376
20260301,5,20259583,초속 5센티미터,10031,59587,503,777
20260301,6,20257744,28년 후: 뼈의 사원,7500,21565,417,619
20260301,7,20261181,너자 2,7249,34848,242,398
20260301,8,20250365,햄넷,4346,25816,309,354
20260301,9,20252373,넘버원,4180,268787,185,223
20260301,10,20261208,귀신 부르는 앱: 영,3921,87706,136,177
20260302,1,20242837,왕과 사는 남자,728915,9213277,2150,9321
20260302,2,20241266,휴민트,41504,1863670,754,1622
20260302,3,20256283,호퍼스,29415,52411,538,1174
20260302,4,20247457,신의악단,11210,1402948,287,337
20260302,5,20259583,초속 5센티미터,8164,67751,488,721
20260302,6,20261181,너자 2,6934,41782,231,378
20260302,7,20257744,28년 후: 뼈의 사원,4978,26543,365,514
20260302,8,20250365,햄넷,4622,30438,292,339
20260302,9,20252373,넘버원,3950,272737,173,207
20260302,10,20261208,귀신 부르는 앱: 영,3325,91031,133,168
20260303,1,20242837,왕과 사는 남자,194476,9407753,1800,7489
20260303,2,20241266,휴민트,10756,1874426,659,1647
20260303,3,20259583,초속 5센티미터,3542,71293,444,748
20260303,4,20257744,28년 후: 뼈의 사원,2632,29175,379,564
20260303,5,20247457,신의악단,2242,1405190,295,369
20260303,6,20250365,햄넷,2231,32669,302,390
20260303,7,20252373,넘버원,2035,274772,191,235
20260303,8,20261181,너자 2,1840,43622,203,331
20260303,9,20250428,센티멘탈 밸류,1101,42895,101,110
20260303,10,20258074,아르코,1043,2665,8,8
20260304,1,20242837,왕과 사는 남자,189637,9597390,1633,6464
20260304,2,20256283,호퍼스,17155,69566,788,2320
20260304,3,20258444,브라이드!,7478,7746,399,676
20260304,4,20241266,휴민트,6837,1881263,549,932
20260304,5,20241501,매드 댄스 오피스,5420,8350,484,885
20260304,6,20250875,우리는 매일매일,2523,3130,142,168
20260304,7,20261181,너자 2,2512,46134,107,139
20260304,8,20250413,다이 마이 러브,2164,2164,115,212
20260304,9,20250365,햄넷,1979,34648,164,196
20260304,10,20261526,아이엠스타!X프리파라 더 무비 -만남의 기적!-,1754,75777,53,62
20260305,1,20242837,왕과 사는 남자,180529,9777919,1697,6654
20260305,2,20256283,호퍼스,11795,81361,747,2041
20260305,3,20241266,휴민트,7105,1888368,542,934
20260305,4,20241501,매드 댄스 오피스,3839,12189,470,815
20260305,5,20258444,브라이드!,3357,11103,370,600
20260305,6,20261181,너자 2,2388,48522,110,135
20260305,7,20247457,신의악단,1938,1408721,183,209
20260305,8,20250875,우리는 매일매일,1887,5017,125,150
20260305,9,20250365,햄넷,1758,36406,175,202
20260305,10,20250413,다이 마이 러브,1519,3683,112,186
20260306,1,20242837,왕과 사는 남자,271738,10049657,1881,7684
20260306,2,20256283,호퍼스,20799,102160,827,2311
20260306,3,20241266,휴민트,9905,1898273,582,1011
20260306,4,20241501,매드 댄스 오피스,3915,16104,476,783
20260306,5,20258444,브라이드!,2957,14060,357,591
20260306,6,20250875,우리는 매일매일,2546,7563,134,162
20260306,7,20250365,햄넷,2337,38743,172,195
20260306,8,20261181,너자 2,1861,50383,110,131
20260306,9,20247457,신의악단,1658,1410379,175,199
20260306,10,20250428,센티멘탈 밸류,1498,46149,87,100
20260307,1,20242837,왕과 사는 남자,754518,10804175,2171,9535
20260307,2,20256283,호퍼스,107039,209199,1011,3247
20260307,3,20241266,휴민트,18428,1916701,519,896
20260307,4,20241501,매드 댄스 오피스,5971,22075,456,602
20260307,5,20247457,신의악단,4538,1414917,167,195
20260307,6,20250365,햄넷,3076,41819,149,161
20260307,7,20258444,브라이드!,3040,17100,337,439
20260307,8,20252373,넘버원,2940,278409,65,74
20260307,9,20261181,너자 2,2894,53277,98,113
20260307,10,20259583,초속 5센티미터,2637,77609,189,214
20260308,1,20242837,왕과 사는 남자,699459,11503634,2187,9211
20260308,2,20256283,호퍼스,105977,315176,1013,3157
20260308,3,20241266,휴민트,15497,1932198,515,836
20260308,4,20247457,신의악단,5719,1420636,168,189
20260308,5,20241501,매드 댄스 오피스,4898,26973,428,547
20260308,6,20261181,너자 2,3831,57108,102,115
20260308,7,20250365,햄넷,2823,44642,145,159
20260308,8,20259583,초속 5센티미터,2531,80140,194,219
20260308,9,19980089,굿 윌 헌팅,2480,55957,89,104
20260308,10,20258444,브라이드!,2225,19325,297,380
20260309,1,20242837,왕과 사는 남자,203138,11706772,1816,7356
20260309,2,20256283,호퍼스,11332,326508,690,1835
20260309,3,20241266,휴민트,5633,1937831,509,865
20260309,4,20241501,매드 댄스 오피스,2025,28998,368,488
20260309,5,20259583,초속 5센티미터,1793,81933,202,236
20260309,6,20250365,햄넷,1450,46092,153,178
20260309,7,20258444,브라이드!,1286,20611,277,366
20260309,8,20247457,신의악단,1245,1421881,163,188
20260309,9,20261694,투어스 브이알 콘서트 : 러쉬로드,1165,6830,1,8
20260309,10,20250428,센티멘탈 밸류,979,51402,74,86
20260310,1,20242837,왕과 사는 남자,177177,11883949,1860,7464
20260310,2,20256283,호퍼스,10263,336771,692,1786
20260310,3,20241266,휴민트,5358,1943189,515,869
20260310,4,20241501,매드 댄스 오피스,4297,33295,423,597
20260310,5,20259583,초속 5센티미터,2738,84671,221,267
20260310,6,20258444,브라이드!,1844,22455,299,405
20260310,7,20247457,신의악단,1676,1423557,178,198
20260310,8,20250365,햄넷,1493,47585,163,193
20260310,9,20249843,우리에게는 아직 내일이 있다,1183,9319,84,104
20260310,10,20250875,우리는 매일매일,1030,11794,101,116
20260311,1,20242837,왕과 사는 남자,171419,12055368,1934,7926
20260311,2,20256283,호퍼스,11605,348376,659,1588
20260311,3,20232662,삼악도,11184,11999,225,819
20260311,4,20254501,F1 더 무비,6406,5221391,164,541
20260311,5,20241266,휴민트,4150,1947339,434,649
20260311,6,20060033,오만과 편견,2865,887914,151,303
20260311,7,20258074,아르코,2528,9162,233,285
20260311,8,20241501,매드 댄스 오피스,2088,35383,252,299
20260311,9,20261181,너자 2,1533,59179,67,77
20260311,10,20259583,초속 5센티미터,1355,86026,106,125
20260312,1,20242837,왕과 사는 남자,158644,12214012,1955,7839
20260312,2,20256283,호퍼스,9567,357943,649,1467
20260312,3,20232662,삼악도,7228,19227,235,742
20260312,4,20254501,F1 더 무비,5337,5226728,163,530
20260312,5,20241266,휴민트,3955,1951294,433,643
20260312,6,20241501,매드 댄스 오피스,2220,37603,248,299
20260312,7,20060033,오만과 편견,2057,889971,159,311
20260312,8,20258074,아르코,1451,10613,222,263
20260312,9,20247457,신의악단,1029,1425465,119,145
20260312,10,20259583,초속 5센티미터,1014,87040,97,110
20260313,1,20242837,왕과 사는 남자,221367,12435379,2036,8880
20260313,2,20256283,호퍼스,17445,375388,673,1773
20260313,3,20232662,삼악도,8864,28091,225,747
20260313,4,20254501,F1 더 무비,6977,5233705,159,415
20260313,5,20241266,휴민트,4308,1955602,435,655
20260313,6,20253101,극장판 진격의 거인 완결편 더 라스트 어택,4225,954489,16,52
20260313,7,20060033,오만과 편견,2466,892437,148,294
20260313,8,20241501,매드 댄스 오피스,2012,39615,254,294
20260313,9,20241575,메소드연기,1866,2229,6,7
20260313,10,20247457,신의악단,1337,1426802,118,140
20260314,1,20242837,왕과 사는 남자,554177,12989556,2262,10416
20260314,2,20256283,호퍼스,79884,455272,918,2815
20260314,3,20232662,삼악도,15934,44025,226,666
20260314,4,20254501,F1 더 무비,14269,5247974,166,398
20260314,5,20241266,휴민트,6640,1962242,361,521
20260314,6,20253101,극장판 진격의 거인 완결편 더 라스트 어택,3637,958126,16,41
20260314,7,20060033,오만과 편견,3026,895463,177,278
20260314,8,20250428,센티멘탈 밸류,2268,57767,71,81
20260314,9,20241501,매드 댄스 오피스,1905,41520,184,220
20260314,10,20247457,신의악단,1775,1428577,104,119
20260315,1,20242837,왕과 사는 남자,478133,13467689,2223,9908
20260315,2,20256283,호퍼스,75888,531160,931,2731
20260315,3,20232662,삼악도,13360,57385,221,639
20260315,4,20254501,F1 더 무비,13235,5261209,168,382
20260315,5,20241266,휴민트,5359,1967601,350,495
20260315,6,20247457,신의악단,3596,1432173,113,128
20260315,7,20253101,극장판 진격의 거인 완결편 더 라스트 어택,2819,960945,16,38
20260315,8,20060033,오만과 편견,2649,898112,174,254
20260315,9,20261927,스페셜즈,2032,3673,38,46
20260315,10,20250428,센티멘탈 밸류,1940,59707,60,73
20260316,1,20242837,왕과 사는 남자,133935,13601624,1946,8102
20260316,2,20256283,호퍼스,8186,539346,598,1436
20260316,3,20232662,삼악도,3743,61128,228,638
20260316,4,20241266,휴민트,3285,1970886,429,670
20260316,5,20060033,오만과 편견,1410,899522,144,301
20260316,6,20241501,매드 댄스 오피스,1220,44530,206,257
20260316,7,20250365,햄넷,1015,55081,82,91
20260316,8,20261694,투어스 브이알 콘서트 : 러쉬로드,958,14225,1,8
20260316,9,20250428,센티멘탈 밸류,858,60565,58,70
20260316,10,20247457,신의악단,851,1433024,123,140
20260317,1,20242837,왕과 사는 남자,120443,13722067,1969,8121
20260317,2,20256283,호퍼스,8474,547820,625,1452
20260317,3,20232662,삼악도,4555,65683,232,628
20260317,4,20241266,휴민트,3371,1974257,423,668
20260317,5,20060033,오만과 편견,1270,900792,144,287
20260317,6,20247457,신의악단,1159,1434183,132,153
20260317,7,20250365,햄넷,1150,56231,80,97
20260317,8,20250428,센티멘탈 밸류,1051,61616,70,81
20260317,9,20258074,아르코,990,15533,176,199
20260317,10,20241501,매드 댄스 오피스,899,45429,199,237
20260318,1,20242837,왕과 사는 남자,124102,13846169,1533,6026
20260318,2,20261782,프로젝트 헤일메리,76003,78054,1331,4086
20260318,3,20241575,메소드연기,8268,11856,519,779
20260318,4,20256283,호퍼스,5207,553027,426,594
20260318,5,20261804,폭탄,3783,5155,175,312
20260318,6,20232662,삼악도,2485,68168,190,253
20260318,7,20138661,케이온,1595,31597,50,58
20260318,8,20261437,녹나무의 파수꾼,1548,1548,305,469
20260318,9,19950084,쇼생크 탈출,1168,58777,52,65
20260318,10,20080356,"파리, 텍사스",1019,8940,29,29
20260319,1,20242837,왕과 사는 남자,107184,13953353,1563,6045
20260319,2,20261782,프로젝트 헤일메리,53227,131281,1321,3977
20260319,3,20241575,메소드연기,6991,18847,513,761
20260319,4,20256283,호퍼스,4621,557648,422,606
20260319,5,20261804,폭탄,3194,8349,176,312
20260319,6,20232662,삼악도,2543,70711,182,254
20260319,7,20060033,오만과 편견,1285,902878,82,120
20260319,8,20261437,녹나무의 파수꾼,1120,2668,270,389
20260319,9,20261694,투어스 브이알 콘서트 : 러쉬로드,851,16719,1,8
20260319,10,19950084,쇼생크 탈출,814,59591,55,67
20260320,1,20242837,왕과 사는 남자,147734,14101087,1607,6633
20260320,2,20261782,프로젝트 헤일메리,79303,210584,1337,4166
20260320,3,20256283,호퍼스,8278,565926,482,734
20260320,4,20253101,극장판 진격의 거인 완결편 더 라스트 어택,6712,969475,60,130
20260320,5,20241575,메소드연기,6511,25358,514,731
20260320,6,20232662,삼악도,3011,73722,196,286
20260320,7,20261804,폭탄,2918,11267,185,309
20260320,8,20060033,오만과 편견,1290,904168,90,131
20260320,9,20261437,녹나무의 파수꾼,1044,3712,281,381
20260320,10,19950084,쇼생크 탈출,987,60578,52,68
20260321,1,20242837,왕과 사는 남자,346538,14447625,1725,7465
20260321,2,20261782,프로젝트 헤일메리,190040,400624,1325,4284
20260321,3,20256283,호퍼스,40650,606576,726,1594
20260321,4,20253101,극장판 진격의 거인 완결편 더 라스트 어택,10157,979632,60,139
20260321,5,20241575,메소드연기,9772,35130,482,670
20260321,6,20232662,삼악도,4403,78125,181,254
20260321,7,20261804,폭탄,3707,14974,170,269
20260321,8,20261906,명탐정 코난: 세기말의 마술사,2186,2186,13,15
20260321,9,20261437,녹나무의 파수꾼,1979,5691,265,307
20260321,10,19950084,쇼생크 탈출,1394,61972,55,60
20260322,1,20242837,왕과 사는 남자,309383,14757008,1714,7133
20260322,2,20261782,프로젝트 헤일메리,160739,561363,1332,4089
20260322,3,20256283,호퍼스,39852,646428,724,1563
20260322,4,20253101,극장판 진격의 거인 완결편 더 라스트 어택,9782,989414,60,141
20260322,5,20241575,메소드연기,8592,43722,482,645
20260322,6,20232662,삼악도,4432,82557,185,250
20260322,7,20261804,폭탄,3640,18614,175,258
20260322,8,19950084,쇼생크 탈출,2579,64551,56,60
20260322,9,20247457,신의악단,2112,1438794,56,60
20260322,10,20261437,녹나무의 파수꾼,1908,7599,252,285
20260323,1,20242837,왕과 사는 남자,85889,14842897,1516,6055
20260323,2,20261782,프로젝트 헤일메리,42609,603972,1237,3567
20260323,3,20256283,호퍼스,3858,650286,413,595
20260323,4,20241575,메소드연기,2773,46495,414,575
20260323,5,20253101,극장판 진격의 거인 완결편 더 라스트 어택,2411,991825,58,133
20260323,6,20232662,삼악도,1076,83633,160,209
20260323,7,20261804,폭탄,895,19509,160,240
20260323,8,20261694,투어스 브이알 콘서트 : 러쉬로드,610,20813,1,8
20260323,9,20060033,오만과 편견,535,906766,80,119
20260323,10,20261437,녹나무의 파수꾼,534,8133,208,243
20260324,1,20242837,왕과 사는 남자,78589,14921486,1550,6041
20260324,2,20261782,프로젝트 헤일메리,40107,644079,1273,3591
20260324,3,20256283,호퍼스,4279,654565,422,601
20260324,4,20241575,메소드연기,3392,49887,430,582
20260324,5,20254121,살목지,2784,2784,13,15
20260324,6,20253101,극장판 진격의 거인 완결편 더 라스트 어택,2166,993991,58,133
20260324,7,20232662,삼악도,1008,84641,155,206
20260324,8,20261804,폭탄,876,20385,152,229
20260324,9,20241266,휴민트,748,1979498,112,120
20260324,10,20060033,오만과 편견,618,907384,75,110
20260325,1,20242837,왕과 사는 남자,110068,15031554,1661,6242
20260325,2,20261782,프로젝트 헤일메리,73500,717579,1333,3544
20260325,3,20253289,극장판 귀멸의 칼날: 무한성편,7303,5708262,24,61
20260325,4,20253101,극장판 진격의 거인 완결편 더 라스트 어택,5956,999947,182,329
20260325,5,20256283,호퍼스,5780,660345,401,504
20260325,6,20257521,프로텍터,5409,5623,413,595
20260325,7,19970100,첨밀밀 ,4006,6992,125,356
20260325,8,20128386,라이프 오브 파이,3065,1650062,58,126
20260325,9,20241575,메소드연기,2057,51944,232,289
20260325,10,19868242,연지구 디 오리지널 4K,1402,2718,130,175
20260326,1,20242837,왕과 사는 남자,72421,15103975,1560,5989
20260326,2,20261782,프로젝트 헤일메리,41233,758812,1290,3513
20260326,3,20253289,극장판 귀멸의 칼날: 무한성편,4450,5712712,24,60
20260326,4,20257521,프로텍터,3925,9548,374,522
20260326,5,20256283,호퍼스,3316,663661,369,469
20260326,6,20253101,극장판 진격의 거인 완결편 더 라스트 어택,2561,1002508,169,302
20260326,7,19970100,첨밀밀 ,1819,8811,121,349
20260326,8,20261804,폭탄,1433,23192,132,184
20260326,9,20241575,메소드연기,1339,53283,211,255
20260326,10,20232662,삼악도,1073,86600,120,166
20260327,1,20242837,왕과 사는 남자,98161,15202136,1554,6349
20260327,2,20261782,프로젝트 헤일메리,71435,830247,1301,3690
20260327,3,20261906,명탐정 코난: 세기말의 마술사,17357,20822,238,727
20260327,4,20253289,극장판 귀멸의 칼날: 무한성편,6359,5719071,24,77
20260327,5,20256283,호퍼스,5265,668926,384,499
20260327,6,20253101,극장판 진격의 거인 완결편 더 라스트 어택,3594,1006102,163,305
20260327,7,20257521,프로텍터,3012,12560,355,463
20260327,8,19970100,첨밀밀 ,2283,11094,126,354
20260327,9,20241575,메소드연기,1893,55176,203,258
20260327,10,19868242,연지구 디 오리지널 4K,1375,4730,120,145
20260328,1,20242837,왕과 사는 남자,225287,15427423,1583,6890
20260328,2,20261782,프로젝트 헤일메리,173558,1003805,1350,4109
20260328,3,20256283,호퍼스,19928,688854,583,1016
20260328,4,20261906,명탐정 코난: 세기말의 마술사,17249,38071,252,621
20260328,5,20253289,극장판 귀멸의 칼날: 무한성편,7564,5726635,25,51
20260328,6,20253101,극장판 진격의 거인 완결편 더 라스트 어택,7200,1013302,169,269
20260328,7,20262179,펫 트레인,6012,6212,182,324
20260328,8,20257521,프로텍터,3419,15979,334,427
20260328,9,20262291,뮤지컬 장수탕 선녀님,2622,4905,134,197
20260328,10,20254121,살목지,2524,5458,80,80
20260329,1,20242837,왕과 사는 남자,188432,15615855,1578,6530
20260329,2,20261782,프로젝트 헤일메리,146841,1150646,1344,3919
20260329,3,20256283,호퍼스,19231,708085,572,996
20260329,4,20261906,명탐정 코난: 세기말의 마술사,13861,51932,252,589
20260329,5,20253289,극장판 귀멸의 칼날: 무한성편,8945,5735580,25,68
20260329,6,20253101,극장판 진격의 거인 완결편 더 라스트 어택,6052,1019354,161,264
20260329,7,20262179,펫 트레인,5547,11759,184,310
20260329,8,20262291,뮤지컬 장수탕 선녀님,3027,7932,153,211
20260329,9,20257521,프로텍터,2929,18908,321,404
20260329,10,20254121,살목지,2445,7903,80,80
20260330,1,20242837,왕과 사는 남자,60583,15676438,1451,5578
20260330,2,20261782,프로젝트 헤일메리,42581,1193227,1271,3430
20260330,3,20261906,명탐정 코난: 세기말의 마술사,3715,55647,204,485
20260330,4,20254121,살목지,2515,10418,10,10
20260330,5,20253289,극장판 귀멸의 칼날: 무한성편,2209,5737789,23,76
20260330,6,20256283,호퍼스,2159,710244,301,394
20260330,7,20257521,프로텍터,1609,20517,302,373
20260330,8,20253101,극장판 진격의 거인 완결편 더 라스트 어택,1543,1020897,142,242
20260330,9,20261694,투어스 브이알 콘서트 : 러쉬로드,1215,28096,1,8
20260330,10,19970100,첨밀밀 ,1010,16739,120,257
20260331,1,20242837,왕과 사는 남자,55373,15731811,1464,5574
20260331,2,20261782,프로젝트 헤일메리,41494,1234721,1281,3438
20260331,3,20261906,명탐정 코난: 세기말의 마술사,3283,58930,207,463
20260331,4,20256283,호퍼스,2566,712810,311,398
20260331,5,20257521,프로텍터,2268,22785,305,371
20260331,6,20253289,극장판 귀멸의 칼날: 무한성편,1819,5739608,24,79
20260331,7,20253101,극장판 진격의 거인 완결편 더 라스트 어택,1460,1022357,145,234
20260331,8,19970100,첨밀밀 ,1212,17951,123,276
20260331,9,20232662,삼악도,1093,92271,98,122
20260331,10,20241575,메소드연기,944,59984,160,193
20260401,1,20242837,왕과 사는 남자,50276,15782087,1408,5158
20260401,2,20261782,프로젝트 헤일메리,39862,1274583,1244,3291
20260401,3,20261666,네가 마지막으로 남긴 노래,11414,12967,560,1408
20260401,4,20253289,극장판 귀멸의 칼날: 무한성편,6650,5746258,90,274
20260401,5,20261906,명탐정 코난: 세기말의 마술사,2959,61889,197,380
20260401,6,20262101,킬 빌: 더 홀 블러디 어페어,2923,3733,88,119
20260401,7,20256283,호퍼스,1862,714672,257,307
20260401,8,20173226,패왕별희 디 오리지널,1746,156608,54,62
20260401,9,20256757,극장판 체인소 맨: 레제편,1366,3453440,26,50
20260401,10,19868242,연지구 디 오리지널 4K,999,8624,85,92
20260402,1,20242837,왕과 사는 남자,39303,15821390,1340,4614
20260402,2,20261782,프로젝트 헤일메리,31886,1306469,1166,2987
20260402,3,20192680,끝장수사,13957,14617,648,1563
20260402,4,20261666,네가 마지막으로 남긴 노래,5257,18224,489,1031
20260402,5,20253289,극장판 귀멸의 칼날: 무한성편,4370,5750628,90,275
20260402,6,20261906,명탐정 코난: 세기말의 마술사,3315,65204,183,297
20260402,7,20262463,오피셜히게단디즘 라이브 앳 스타디움 2025,3178,3178,58,84
20260402,8,20256283,호퍼스,1266,715938,196,218
20260402,9,20247648,내 이름은,1209,1498,4,5
20260402,10,20262101,킬 빌: 더 홀 블러디 어페어,1047,4780,80,111
20260403,1,20261782,프로젝트 헤일메리,58078,1364547,1305,3459
20260403,2,20242837,왕과 사는 남자,52071,15873461,1370,4922
20260403,3,20192680,끝장수사,11763,26380,643,1440
20260403,4,20261666,네가 마지막으로 남긴 노래,7267,25491,557,1102
20260403,5,20253289,극장판 귀멸의 칼날: 무한성편,5903,5756531,90,264
20260403,6,20261906,명탐정 코난: 세기말의 마술사,3166,68370,187,306
20260403,7,20256283,호퍼스,1639,717577,212,236
20260403,8,20262463,오피셜히게단디즘 라이브 앳 스타디움 2025,1441,4619,56,76
20260403,9,20173226,패왕별희 디 오리지널,1358,158989,48,57
20260403,10,20253101,극장판 진격의 거인 완결편 더 라스트 어택,1110,1025105,51,96
20260404,1,20261782,프로젝트 헤일메리,153841,1518388,1401,4099
20260404,2,20242837,왕과 사는 남자,123797,15997258,1392,5417
20260404,3,20261666,네가 마지막으로 남긴 노래,16758,42249,593,1160
20260404,4,20192680,끝장수사,16587,42967,689,1343
20260404,5,20253289,극장판 귀멸의 칼날: 무한성편,14918,5771449,90,256
20260404,6,20256283,호퍼스,11402,728979,463,667
20260404,7,20254121,살목지,8058,19156,116,144
20260404,8,20261906,명탐정 코난: 세기말의 마술사,6311,74681,196,313
20260404,9,20262179,펫 트레인,3565,15819,130,166
20260404,10,20262101,킬 빌: 더 홀 블러디 어페어,3479,9279,97,122
20260405,1,20261782,프로젝트 헤일메리,117008,1635396,1376,3915
20260405,2,20242837,왕과 사는 남자,94406,16091664,1353,5104
20260405,3,20192680,끝장수사,13346,56313,687,1292
20260405,4,20261666,네가 마지막으로 남긴 노래,11758,54007,565,1071
20260405,5,20253289,극장판 귀멸의 칼날: 무한성편,11077,5782526,90,239
20260405,6,20256283,호퍼스,9077,738056,463,655
20260405,7,20254121,살목지,7565,26721,112,140
20260405,8,20261906,명탐정 코난: 세기말의 마술사,5531,80212,200,307
20260405,9,20226489,리바운드,3029,706398,167,182
20260405,10,20262179,펫 트레인,2748,18567,132,165
20260406,1,20242837,왕과 사는 남자,37815,16129479,1235,4317
20260406,2,20261782,프로젝트 헤일메리,35092,1670488,1232,3232
20260406,3,20192680,끝장수사,7164,63477,580,1153
20260406,4,20261666,네가 마지막으로 남긴 노래,3790,57797,478,844
20260406,5,20253289,극장판 귀멸의 칼날: 무한성편,2354,5784880,89,233
20260406,6,20261906,명탐정 코난: 세기말의 마술사,1353,81565,161,228
20260406,7,20256283,호퍼스,1048,739104,186,206
20260406,8,20262101,킬 빌: 더 홀 블러디 어페어,983,12341,85,109
20260406,9,20253101,극장판 진격의 거인 완결편 더 라스트 어택,659,1029540,51,88
20260406,10,20261694,투어스 브이알 콘서트 : 러쉬로드,638,34104,1,8
20260407,1,20242837,왕과 사는 남자,32132,16161611,1263,4151
20260407,2,20261782,프로젝트 헤일메리,30580,1701068,1249,3207
20260407,3,20192680,끝장수사,5932,69409,593,1148
20260407,4,20261666,네가 마지막으로 남긴 노래,4040,61837,487,854
20260407,5,20253289,극장판 귀멸의 칼날: 무한성편,2090,5786970,89,230
20260407,6,20261906,명탐정 코난: 세기말의 마술사,1242,82807,158,231
20260407,7,20256283,호퍼스,1170,740274,178,195
20260407,8,20259598,두 검사,941,6171,46,52
20260407,9,20253101,극장판 진격의 거인 완결편 더 라스트 어택,892,1030432,51,88
20260407,10,20262101,킬 빌: 더 홀 블러디 어페어,829,13170,84,104
20260408,1,20254121,살목지,89911,116824,1191,3873
20260408,2,20261782,프로젝트 헤일메리,32139,1733207,1139,2967
20260408,3,20242837,왕과 사는 남자,27524,16189135,1040,3203
20260408,4,20261622,위 리브 인 타임,5337,6071,220,437
20260408,5,20262343,크라임 101,3513,4025,208,436
20260408,6,20192680,끝장수사,3498,72907,411,567
20260408,7,20147727,그랜드 부다페스트 호텔,3077,838769,81,152
20260408,8,20261666,네가 마지막으로 남긴 노래,2835,64672,298,366
20260408,9,20070602,마녀배달부 키키,2497,62970,27,54
20260408,10,20253289,극장판 귀멸의 칼날: 무한성편,1208,5788178,79,115
20260409,1,20254121,살목지,70759,187583,1219,3974
20260409,2,20261782,프로젝트 헤일메리,33951,1767158,1163,3013
20260409,3,20242837,왕과 사는 남자,32842,16221977,1062,3241
20260409,4,20261622,위 리브 인 타임,3638,9709,221,437
20260409,5,20192680,끝장수사,2734,75641,350,510
20260409,6,20262343,크라임 101,2161,6186,194,384
20260409,7,20261666,네가 마지막으로 남긴 노래,2143,66815,306,376
20260409,8,20261906,명탐정 코난: 세기말의 마술사,1681,85531,132,162
20260409,9,20253289,극장판 귀멸의 칼날: 무한성편,1297,5789475,77,114
20260409,10,20173226,패왕별희 디 오리지널,1069,166168,42,49
20260410,1,20254121,살목지,111766,299349,1359,4681
20260410,2,20261782,프로젝트 헤일메리,56387,1823545,1215,3296
20260410,3,20242837,왕과 사는 남자,38623,16260600,1050,3371
20260410,4,20261622,위 리브 인 타임,3657,13366,242,438
20260410,5,20192680,끝장수사,2544,78185,337,461
20260410,6,20261666,네가 마지막으로 남긴 노래,2499,69314,313,395
20260410,7,20262343,크라임 101,2409,8595,192,400
20260410,8,20253289,극장판 귀멸의 칼날: 무한성편,2039,5791514,77,119
20260410,9,20261906,명탐정 코난: 세기말의 마술사,1474,87005,138,170
20260410,10,20241941,좀비딸,1178,5641601,5,5
20260411,1,20254121,살목지,226983,526332,1463,5463
20260411,2,20261782,프로젝트 헤일메리,121246,1944791,1264,3643
20260411,3,20242837,왕과 사는 남자,70653,16331253,1052,3416
20260411,4,20262648,런닝맨: 라이트&쉐도우,6701,7204,196,345
20260411,5,20256283,호퍼스,5725,748222,296,380
20260411,6,20253289,극장판 귀멸의 칼날: 무한성편,5467,5796981,77,126
20260411,7,20261622,위 리브 인 타임,4089,17455,230,379
20260411,8,20261666,네가 마지막으로 남긴 노래,3544,72858,292,351
20260411,9,20262343,크라임 101,3351,11946,182,349
20260411,10,20192680,끝장수사,2655,80840,288,411
20260412,1,20254121,살목지,197669,724001,1434,5326
20260412,2,20261782,프로젝트 헤일메리,97319,2042110,1234,3499
20260412,3,20242837,왕과 사는 남자,65969,16397222,1019,3253
20260412,4,20262648,런닝맨: 라이트&쉐도우,5851,13055,193,345
20260412,5,20256283,호퍼스,5824,754046,308,396
20260412,6,20253289,극장판 귀멸의 칼날: 무한성편,4846,5801827,75,120
20260412,7,20261622,위 리브 인 타임,3776,21231,224,359
20260412,8,20261666,네가 마지막으로 남긴 노래,3342,76200,283,336
20260412,9,20261906,명탐정 코난: 세기말의 마술사,2623,92145,143,165
20260412,9,20262343,크라임 101,2623,14569,182,345
20260413,1,20254121,살목지,73629,797630,1279,4566
20260413,2,20242837,왕과 사는 남자,23806,16421028,926,2865
20260413,3,20261782,프로젝트 헤일메리,23672,2065782,1087,2811
20260413,4,20262343,크라임 101,1299,15868,138,264
20260413,5,20261666,네가 마지막으로 남긴 노래,1115,77315,227,274
20260413,6,20192680,끝장수사,1070,84082,220,285
20260413,7,20253289,극장판 귀멸의 칼날: 무한성편,928,5802755,69,98
20260413,8,20261622,위 리브 인 타임,921,22152,179,283
20260413,9,20247648,내 이름은,729,6375,2,2
20260413,10,20261906,명탐정 코난: 세기말의 마술사,599,92744,117,133
20260414,1,20254121,살목지,64686,862316,1312,4589
20260414,2,20242837,왕과 사는 남자,23854,16444882,957,2823
20260414,3,20261782,프로젝트 헤일메리,21035,2086817,1083,2704
20260414,4,20247648,내 이름은,1945,8320,10,10
20260414,5,20262343,크라임 101,1878,17746,158,294
20260414,6,20261666,네가 마지막으로 남긴 노래,1472,78787,253,298
20260414,7,20192680,끝장수사,1107,85189,250,315
20260414,8,20253289,극장판 귀멸의 칼날: 무한성편,949,5803704,68,102
20260414,9,20261622,위 리브 인 타임,763,22915,179,284
20260414,10,20259598,두 검사,573,10800,35,39
20260415,1,20254121,살목지,68743,931059,1324,4776
20260415,2,20261782,프로젝트 헤일메리,21338,2108155,966,2387
20260415,3,20242837,왕과 사는 남자,20422,16465304,777,2047
20260415,4,20247648,내 이름은,17069,25389,667,1594
20260415,5,20070602,마녀배달부 키키,9821,77563,346,547
20260415,6,20262383,쉘터,3789,3789,174,298
20260415,7,20249507,극장판 하이큐!! 쓰레기장의 결전,2336,748321,108,153
20260415,8,20261622,위 리브 인 타임,2282,25197,134,176
20260415,9,19980231,트루먼 쇼,2101,22092,69,164
20260415,10,20259339,힌드의 목소리,1742,4592,116,145
20260416,1,20254121,살목지,58662,989721,1322,4732
20260416,2,20242837,왕과 사는 남자,19251,16484555,769,2011
20260416,3,20261782,프로젝트 헤일메리,19228,2127383,932,2328
20260416,4,20247648,내 이름은,13799,39188,667,1566
20260416,5,20070602,마녀배달부 키키,3043,80606,326,484
20260416,6,20262811,"극장판 총집편 걸즈 밴드 크라이 있잖아, 미래.",2920,2920,100,136
20260416,7,20262383,쉘터,2840,6629,167,284
20260416,8,20240532,짱구,2792,3081,13,14
20260416,9,20261622,위 리브 인 타임,1890,27087,127,171
20260416,10,20259339,힌드의 목소리,1368,5960,105,135
20260417,1,20254121,살목지,98966,1088687,1375,5168
20260417,2,20261782,프로젝트 헤일메리,32892,2160275,1005,2563
20260417,3,20242837,왕과 사는 남자,23919,16508474,771,2073
20260417,4,20247648,내 이름은,16192,55380,660,1489
20260417,5,20070602,마녀배달부 키키,3916,84522,327,459
20260417,6,20262907,고트: 더 레전드,2472,2623,339,423
20260417,7,20262639,노멀,2366,2898,129,246
20260417,8,20262383,쉘터,2291,8920,167,264
20260417,9,19980231,트루먼 쇼,1624,24881,70,150
20260417,10,20261622,위 리브 인 타임,1343,28430,134,168
20260418,1,20254121,살목지,211494,1300181,1511,6142
20260418,2,20261782,프로젝트 헤일메리,76956,2237231,1053,2832
20260418,3,20242837,왕과 사는 남자,43814,16552288,807,2200
20260418,4,20247648,내 이름은,23796,79176,694,1454
20260418,5,20262907,고트: 더 레전드,7729,10352,505,789
20260418,6,20070602,마녀배달부 키키,7306,91828,361,450
20260418,7,20262383,쉘터,3125,12045,167,243
20260418,8,19980231,트루먼 쇼,2557,27438,88,138
20260418,9,20262639,노멀,2471,5369,133,239
20260418,10,20249507,극장판 하이큐!! 쓰레기장의 결전,2244,752424,92,113
20260419,1,20254121,살목지,161640,1461821,1465,5882
20260419,2,20261782,프로젝트 헤일메리,60871,2298102,1039,2734
20260419,3,20242837,왕과 사는 남자,37222,16589510,812,2106
20260419,4,20247648,내 이름은,20963,100139,681,1426
20260419,5,20262907,고트: 더 레전드,8682,19034,496,800
20260419,6,20070602,마녀배달부 키키,5666,97494,351,435
20260419,7,20262383,쉘터,3286,15331,172,250
20260419,8,20249507,극장판 하이큐!! 쓰레기장의 결전,2313,754737,93,110
20260419,9,20262639,노멀,2183,7552,121,217
20260419,10,20253289,극장판 귀멸의 칼날: 무한성편,2147,5809650,57,61
20260420,1,20254121,살목지,46984,1508805,1258,4669
20260420,2,20261782,프로젝트 헤일메리,16038,2314140,905,2179
20260420,3,20242837,왕과 사는 남자,14322,16603832,700,1779
20260420,4,20247648,내 이름은,8714,108853,585,1311
20260420,5,20070602,마녀배달부 키키,1521,99015,270,336
20260420,6,20262639,노멀,965,8517,109,186
20260420,7,20262907,고트: 더 레전드,854,19888,240,274
20260420,8,20262383,쉘터,851,16182,146,217
20260420,9,20259339,힌드의 목소리,696,11161,99,112
20260420,10,19980231,트루먼 쇼,540,29792,74,122
20260421,1,20254121,살목지,39689,1548494,1253,4516
20260421,2,20261782,프로젝트 헤일메리,14892,2329032,900,2144
20260421,3,20242837,왕과 사는 남자,13628,16617460,706,1752
20260421,4,20247648,내 이름은,9798,118651,624,1358
20260421,5,20262639,노멀,1922,10439,124,214
20260421,6,20070602,마녀배달부 키키,1806,100821,271,326
20260421,7,20262383,쉘터,1714,17896,159,233
20260421,8,20259339,힌드의 목소리,1185,12346,112,130
20260421,9,20262907,고트: 더 레전드,891,20779,238,276
20260421,10,20250411,미야자키 하야오의 그대들은 어떻게 살 것인가,798,6091,78,96
20260422,1,20254121,살목지,43400,1591894,1172,4155
20260422,2,20262685,란 12.3,37037,38078,842,2156
20260422,3,20240532,짱구,26848,31893,693,1672
20260422,4,20261782,프로젝트 헤일메리,17656,2346688,718,1657
20260422,5,20242837,왕과 사는 남자,10893,16628353,611,1333
20260422,6,20247648,내 이름은,8333,126984,552,977
20260422,7,20262657,리 크로닌의 미이라,6378,7652,368,610
20260422,8,20262775,기동전사 건담: 섬광의 하사웨이 키르케의 마녀,5076,5076,90,149
20260422,9,20262776,르누아르,3468,4209,127,239
20260422,10,20070602,마녀배달부 키키,3253,104074,119,141
20260423,1,20254121,살목지,48405,1640299,1150,4090
20260423,2,20240532,짱구,20639,52532,678,1584
20260423,3,20262685,란 12.3,17231,55309,787,1990
20260423,4,20261782,프로젝트 헤일메리,15223,2361911,721,1664
20260423,5,20242837,왕과 사는 남자,11285,16639638,642,1346
20260423,6,20247648,내 이름은,7089,134073,532,903
20260423,7,20262657,리 크로닌의 미이라,4459,12111,346,561
20260423,8,20088147,줄무늬 파자마를 입은 소년,3270,3604,153,213
20260423,9,20262775,기동전사 건담: 섬광의 하사웨이 키르케의 마녀,2539,7615,90,149
20260423,10,20262639,노멀,1744,13827,91,108
20260424,1,20254121,살목지,86527,1726826,1263,4783
20260424,2,20261782,프로젝트 헤일메리,26138,2388049,748,1838
20260424,3,20240532,짱구,24822,77354,733,1728
20260424,4,20262685,란 12.3,17228,72537,739,1933
20260424,5,20242837,왕과 사는 남자,14695,16654333,663,1443
20260424,6,20247648,내 이름은,6550,140623,546,916
20260424,7,20262657,리 크로닌의 미이라,4854,16965,366,582
20260424,8,20262775,기동전사 건담: 섬광의 하사웨이 키르케의 마녀,2842,10457,90,147
20260424,9,20070602,마녀배달부 키키,1783,107516,123,147
20260424,10,20262639,노멀,1775,15602,52,66
20260425,1,20254121,살목지,147850,1874676,1378,5625
20260425,2,20261782,프로젝트 헤일메리,56289,2444338,800,2084
20260425,3,20240532,짱구,44479,121833,857,1938
20260425,4,20262685,란 12.3,32762,105299,652,1972
20260425,5,20242837,왕과 사는 남자,27383,16681716,687,1644
20260425,6,20247648,내 이름은,10368,150991,562,912
20260425,7,20262657,리 크로닌의 미이라,6491,23456,345,499
20260425,8,20262775,기동전사 건담: 섬광의 하사웨이 키르케의 마녀,4441,14898,90,147
20260425,9,20070602,마녀배달부 키키,4302,111818,146,172
20260425,10,20262907,고트: 더 레전드,3617,26148,335,432
20260426,1,20254121,살목지,109078,1983754,1349,5326
20260426,2,20261782,프로젝트 헤일메리,46552,2490890,796,2008
20260426,3,20240532,짱구,42065,163898,878,1925
20260426,4,20262685,란 12.3,28349,133648,647,1865
20260426,5,20242837,왕과 사는 남자,25080,16706796,674,1576
20260426,6,20247648,내 이름은,10615,161606,558,883
20260426,7,20262657,리 크로닌의 미이라,4731,28187,332,471
20260426,8,20262907,고트: 더 레전드,3908,30056,330,415
20260426,9,20070602,마녀배달부 키키,3877,115695,128,155
20260426,10,20262775,기동전사 건담: 섬광의 하사웨이 키르케의 마녀,3513,18411,90,146
20260427,1,20254121,살목지,41902,2025656,1114,4129
20260427,2,20240532,짱구,15630,179528,680,1690
20260427,3,20261782,프로젝트 헤일메리,15612,2506502,686,1660
20260427,4,20242837,왕과 사는 남자,10114,16716910,599,1323
20260427,5,20262685,란 12.3,7279,140927,576,1530
20260427,6,20247648,내 이름은,4074,165680,450,767
20260427,7,20262657,리 크로닌의 미이라,2758,30945,314,450
20260427,8,20262775,기동전사 건담: 섬광의 하사웨이 키르케의 마녀,1329,19740,88,138
20260427,9,20259791,악마는 프라다를 입는다 2,1001,1001,3,4
20260427,10,20070602,마녀배달부 키키,949,116644,106,128
20260428,1,20254121,살목지,51175,2076831,1152,4209
20260428,2,20261782,프로젝트 헤일메리,16822,2523324,705,1671
20260428,3,20240532,짱구,15554,195082,691,1717
20260428,4,20242837,왕과 사는 남자,11671,16728581,614,1343
20260428,5,20262685,란 12.3,8011,148938,581,1528
20260428,6,20247648,내 이름은,5077,170757,491,826
20260428,7,20262657,리 크로닌의 미이라,2746,33691,316,450
20260428,8,20262776,르누아르,1942,13670,132,216
20260428,9,20262775,기동전사 건담: 섬광의 하사웨이 키르케의 마녀,1449,21189,88,136
20260428,10,20070602,마녀배달부 키키,1292,117936,114,140
20260429,1,20259791,악마는 프라다를 입는다 2,150767,151768,1578,6165
20260429,2,20259773,슈퍼 마리오 갤럭시,60433,63460,1166,4173
20260429,3,20254121,살목지,59050,2135881,845,2113
20260429,4,20261782,프로젝트 헤일메리,13393,2536717,407,548
20260429,5,20240532,짱구,13237,208319,523,826
20260429,6,20262685,란 12.3,6002,154940,382,511
20260429,7,20242837,왕과 사는 남자,5848,16734429,245,331
20260429,8,20247648,내 이름은,5752,176509,217,296
20260429,9,20262775,기동전사 건담: 섬광의 하사웨이 키르케의 마녀,3083,24272,94,127
20260429,10,20070602,마녀배달부 키키,2037,119973,70,74
20260430,1,20254121,살목지,102147,2238028,957,2477
20260430,2,20259791,악마는 프라다를 입는다 2,101438,253206,1540,6202
20260430,3,20259773,슈퍼 마리오 갤럭시,47020,110480,1162,4000
20260430,4,20261782,프로젝트 헤일메리,16797,2553514,449,606
20260430,5,20240532,짱구,16278,224597,539,886
20260430,6,20262685,란 12.3,7005,161945,373,514
20260430,7,20242837,왕과 사는 남자,6652,16741081,271,370
20260430,8,20259626,마이클,6378,7002,34,34
20260430,9,20247648,내 이름은,4506,181015,212,297
20260430,10,20070602,마녀배달부 키키,2882,122855,76,85
20260501,1,20259773,슈퍼 마리오 갤럭시,231103,341583,1577,6184
20260501,2,20259791,악마는 프라다를 입는다 2,183788,436994,1418,5804
20260501,3,20254121,살목지,146272,2384300,1164,3003
20260501,4,20261782,프로젝트 헤일메리,32974,2586488,422,580
20260501,5,20240532,짱구,24579,249176,473,748
20260501,6,20262685,란 12.3,13643,175588,274,334
20260501,7,20242837,왕과 사는 남자,12119,16753200,252,322
20260501,8,20247648,내 이름은,3634,184649,177,221
20260501,9,20263327,사랑의 하츄핑 특별판,3321,3321,295,352
20260501,10,20262775,기동전사 건담: 섬광의 하사웨이 키르케의 마녀,2365,29093,84,100
20260502,1,20259773,슈퍼 마리오 갤럭시,157833,499416,1608,6089
20260502,2,20259791,악마는 프라다를 입는다 2,153936,590930,1368,5318
20260502,3,20254121,살목지,128023,2512323,1318,3490
20260502,4,20261782,프로젝트 헤일메리,31577,2618065,464,643
20260502,5,20240532,짱구,24202,273378,509,798
20260502,6,20242837,왕과 사는 남자,11581,16764781,290,378
20260502,7,20262685,란 12.3,11115,186703,280,343
20260502,8,20247648,내 이름은,3423,188072,169,209
20260502,9,20262775,기동전사 건담: 섬광의 하사웨이 키르케의 마녀,2250,31343,84,96
20260502,10,20070602,마녀배달부 키키,1967,126203,55,57
20260503,1,20259773,슈퍼 마리오 갤럭시,186521,685937,1589,5900
20260503,2,20259791,악마는 프라다를 입는다 2,145089,736019,1332,5081
20260503,3,20254121,살목지,123702,2636025,1349,3589
20260503,4,20261782,프로젝트 헤일메리,31520,2649585,486,686
20260503,5,20240532,짱구,25123,298501,535,826
20260503,6,20242837,왕과 사는 남자,14719,16779500,322,416
20260503,7,20262685,란 12.3,12395,199098,320,409
20260503,8,20247648,내 이름은,3901,191973,177,215
20260503,9,20263327,사랑의 하츄핑 특별판,2471,7543,252,280
20260503,10,20262906,극장판 반짝반짝 달님이: 싱어롱 파티,1833,5950,164,235
20260504,1,20259773,슈퍼 마리오 갤럭시,141462,827399,1487,5546
20260504,2,20259791,악마는 프라다를 입는다 2,98410,834429,1252,4778
20260504,3,20254121,살목지,91937,2727962,1216,3695
20260504,4,20261782,프로젝트 헤일메리,26249,2675834,522,755
20260504,5,20240532,짱구,15623,314124,497,797
20260504,6,20242837,왕과 사는 남자,10724,16790224,325,437
20260504,7,20262685,란 12.3,6817,205915,330,430
20260504,8,20247648,내 이름은,2220,194193,146,185
20260504,9,20263327,사랑의 하츄핑 특별판,1496,9039,213,237
20260504,10,20262775,기동전사 건담: 섬광의 하사웨이 키르케의 마녀,1436,34545,85,96
20260505,1,20259773,슈퍼 마리오 갤럭시,283280,1110679,1847,6853
20260505,2,20259791,악마는 프라다를 입는다 2,124686,959115,1199,4038
20260505,3,20254121,살목지,108212,2836174,1233,3333
20260505,4,20261782,프로젝트 헤일메리,30809,2706643,496,708
20260505,5,20240532,짱구,19000,333124,505,754
20260505,6,20242837,왕과 사는 남자,13309,16803533,350,455
20260505,7,20262685,란 12.3,8889,214804,268,330
20260505,8,20263327,사랑의 하츄핑 특별판,3284,12323,254,299
20260505,9,20262906,극장판 반짝반짝 달님이: 싱어롱 파티,2342,9515,169,238
20260505,10,20247648,내 이름은,2073,196266,140,165
20260506,1,20259791,악마는 프라다를 입는다 2,35509,994624,1158,3912
20260506,2,20254121,살목지,20988,2857162,961,2874
20260506,3,20259773,슈퍼 마리오 갤럭시,13523,1124202,900,2280
20260506,4,20261782,프로젝트 헤일메리,9281,2715924,488,807
20260506,5,20240532,짱구,7081,340205,448,722
20260506,6,20242837,왕과 사는 남자,3299,16806832,324,438
20260506,7,20262947,모탈 컴뱃 2,2543,2709,365,592
20260506,8,20262685,란 12.3,2227,217031,253,335
20260506,9,20261943,올 그린스,2194,2694,133,201
20260506,10,20262775,기동전사 건담: 섬광의 하사웨이 키르케의 마녀,1954,37573,55,61
20260507,1,20259791,악마는 프라다를 입는다 2,31480,1026104,1173,3792
20260507,2,20254121,살목지,18283,2875445,929,2748
20260507,3,20259773,슈퍼 마리오 갤럭시,10471,1134673,880,2003
20260507,4,20261782,프로젝트 헤일메리,8492,2724416,543,859
20260507,5,20259626,마이클,8113,15115,45,45
20260507,6,20240532,짱구,5142,345347,457,734
20260507,7,20242837,왕과 사는 남자,3922,16810754,361,494
20260507,8,20262685,란 12.3,2431,219462,275,381
20260507,9,20262947,모탈 컴뱃 2,1706,4415,358,515
20260507,10,20247648,내 이름은,1592,199603,126,167
20260508,1,20259791,악마는 프라다를 입는다 2,42875,1068979,1182,4046
20260508,2,20254121,살목지,26377,2901822,996,3233
20260508,3,20259773,슈퍼 마리오 갤럭시,17524,1152197,924,2350
20260508,4,20261782,프로젝트 헤일메리,12485,2736901,568,955
20260508,5,20240532,짱구,6118,351465,473,813
20260508,6,20242837,왕과 사는 남자,5823,16816577,424,598
20260508,7,20262685,란 12.3,2393,221855,301,414
20260508,8,20262947,모탈 컴뱃 2,2135,6550,362,526
20260508,9,20247648,내 이름은,2056,201659,106,144
20260508,10,20262775,기동전사 건담: 섬광의 하사웨이 키르케의 마녀,757,39306,52,58
20260509,1,20259791,악마는 프라다를 입는다 2,84302,1153281,1162,4165
20260509,2,20259773,슈퍼 마리오 갤럭시,84026,1236223,1435,4789
20260509,3,20254121,살목지,64731,2966553,1083,3863
20260509,4,20261782,프로젝트 헤일메리,25296,2762197,605,1107
20260509,5,20240532,짱구,12913,364378,498,900
20260509,6,20242837,왕과 사는 남자,8658,16825235,400,596
20260509,7,20262685,란 12.3,4322,226177,305,405
20260509,8,20262947,모탈 컴뱃 2,3159,9709,365,447
20260509,9,20247648,내 이름은,1545,203204,104,127
20260509,10,20261943,올 그린스,1228,5847,120,147
20260510,1,20259773,슈퍼 마리오 갤럭시,82482,1318705,1422,4618
20260510,2,20259791,악마는 프라다를 입는다 2,68336,1221617,1132,3898
20260510,3,20254121,살목지,56204,3022757,1088,3653
20260510,4,20261782,프로젝트 헤일메리,20769,2782966,608,1047
20260510,5,20240532,짱구,12231,376609,494,869
20260510,6,20242837,왕과 사는 남자,8286,16833521,385,566
20260510,7,20262685,란 12.3,4210,230387,297,398
20260510,8,20262947,모탈 컴뱃 2,2340,12049,335,404
20260510,9,20247648,내 이름은,1540,204744,97,122
20260510,10,20262775,기동전사 건담: 섬광의 하사웨이 키르케의 마녀,819,41274,50,53
20260511,1,20259791,악마는 프라다를 입는다 2,24856,1246473,1079,3498
20260511,2,20254121,살목지,14561,3037318,878,2641
20260511,3,20259773,슈퍼 마리오 갤럭시,7191,1325896,733,1685
20260511,4,20261782,프로젝트 헤일메리,7049,2790015,546,934
20260511,5,20240532,짱구,4447,381056,429,785
20260511,6,20242837,왕과 사는 남자,3446,16836967,372,555
20260511,7,20262685,란 12.3,1590,231977,271,360
20260511,8,20259626,마이클,1506,18371,4,4
20260511,9,20262947,모탈 컴뱃 2,1168,13217,314,410
20260511,10,20247648,내 이름은,896,205640,99,128
20260512,1,20259791,악마는 프라다를 입는다 2,23289,1269762,1099,3484
20260512,2,20254121,살목지,13398,3050716,891,2632
20260512,3,20261782,프로젝트 헤일메리,7512,2797527,545,961
20260512,4,20259773,슈퍼 마리오 갤럭시,7350,1333246,730,1641
20260512,5,20242837,왕과 사는 남자,4875,16841842,398,592
20260512,6,20240532,짱구,4170,385226,436,791
20260512,7,20262685,란 12.3,2566,234543,275,375
20260512,8,20262947,모탈 컴뱃 2,1216,14433,316,404
20260512,9,20247648,내 이름은,1069,206709,103,136
20260512,10,20261943,올 그린스,554,7695,107,139
20260513,1,20259626,마이클,99902,118488,1734,6157
20260513,2,20259791,악마는 프라다를 입는다 2,29970,1299732,817,2285
20260513,3,20254121,살목지,16441,3067157,728,1841
20260513,4,20261782,프로젝트 헤일메리,7048,2804575,356,495
20260513,5,20259773,슈퍼 마리오 갤럭시,6561,1339807,519,838
20260513,6,20242837,왕과 사는 남자,4625,16846467,266,335
20260513,7,20252801,교생실습,3707,5801,253,394
20260513,8,20240532,짱구,3306,388532,324,445
20260513,9,20040695,이프 온리,2988,1040634,223,309
20260513,10,20194376,탑건: 매버릭,2718,8252163,111,174
20260514,1,20259626,마이클,59035,177523,1687,5731
20260514,2,20259791,악마는 프라다를 입는다 2,23909,1323641,826,2301
20260514,3,20254121,살목지,11588,3078745,715,1763
20260514,4,20259773,슈퍼 마리오 갤럭시,6117,1345924,515,805
20260514,5,20261782,프로젝트 헤일메리,5192,2809767,381,519
20260514,6,20242837,왕과 사는 남자,3739,16850206,261,326
20260514,7,20252801,교생실습,3484,9285,237,396
20260514,8,20240532,짱구,2885,391417,296,407
20260514,9,20040695,이프 온리,2474,1043108,231,320
20260514,10,20194376,탑건: 매버릭,2087,8254250,125,198
20260515,1,20259626,마이클,86922,264445,1718,6216
20260515,2,20259791,악마는 프라다를 입는다 2,30518,1354159,843,2487
20260515,3,20254121,살목지,20009,3098754,743,2011
20260515,4,20259773,슈퍼 마리오 갤럭시,9229,1355153,579,944
20260515,5,20261782,프로젝트 헤일메리,8386,2818153,414,598
20260515,6,20242837,왕과 사는 남자,4155,16854361,276,346
20260515,7,20252801,교생실습,3378,12663,240,385
20260515,8,20040695,이프 온리,3187,1046295,231,328
20260515,9,20240532,짱구,3080,394497,306,438
20260515,10,20194376,탑건: 매버릭,3061,8257311,131,204
20260516,1,20259626,마이클,204422,468867,1696,6808
20260516,2,20259773,슈퍼 마리오 갤럭시,55266,1410419,902,2198
20260516,3,20259791,악마는 프라다를 입는다 2,49883,1404042,870,2621
20260516,4,20254121,살목지,38823,3137577,751,2170
20260516,5,20261782,프로젝트 헤일메리,15867,2834020,437,623
20260516,6,20194376,탑건: 매버릭,7199,8264510,133,207
20260516,7,20252801,교생실습,5250,17913,237,350
20260516,8,20240532,짱구,4684,399181,284,408
20260516,9,20242837,왕과 사는 남자,4664,16859025,249,328
20260516,10,20040695,이프 온리,4475,1050770,232,291
20260517,1,20259626,마이클,179025,647892,1661,6416
20260517,2,20259773,슈퍼 마리오 갤럭시,59067,1469486,903,2169
20260517,3,20259791,악마는 프라다를 입는다 2,40144,1444186,847,2516
20260517,4,20254121,살목지,32131,3169708,743,2010
20260517,5,20261782,프로젝트 헤일메리,13124,2847144,424,598
20260517,6,20194376,탑건: 매버릭,6030,8270540,135,195
20260517,7,20242837,왕과 사는 남자,4854,16863879,252,330
20260517,8,20040695,이프 온리,4820,1055590,242,302
20260517,9,20240532,짱구,4676,403857,284,407
20260517,10,20252801,교생실습,4109,22022,237,340
20260518,1,20259626,마이클,43653,691545,1534,5202
20260518,2,20259791,악마는 프라다를 입는다 2,14277,1458463,774,2200
20260518,3,20254121,살목지,8793,3178501,622,1583
20260518,4,20261782,프로젝트 헤일메리,3965,2851109,391,580
20260518,5,20259773,슈퍼 마리오 갤럭시,3642,1473128,444,685
20260518,6,20248252,와일드 씽,2440,2652,8,9
20260518,7,20242837,왕과 사는 남자,2426,16866305,261,348
20260518,8,20252402,군체,1941,2347,9,9
20260518,9,20040695,이프 온리,1830,1057420,210,290
20260518,10,20240532,짱구,1790,405647,264,364
20260519,1,20259626,마이클,38032,729577,1526,5059
20260519,2,20259791,악마는 프라다를 입는다 2,13783,1472246,772,2174
20260519,3,20254121,살목지,7973,3186474,613,1541
20260519,4,20259773,슈퍼 마리오 갤럭시,3890,1477018,442,666
20260519,5,20261782,프로젝트 헤일메리,3750,2854859,401,578
20260519,6,20242837,왕과 사는 남자,3014,16869319,261,353
20260519,7,20240532,짱구,2144,407791,265,366
20260519,8,20252402,군체,1953,4300,9,9
20260519,9,20040695,이프 온리,1833,1059253,211,291
20260519,10,20194376,탑건: 매버릭,1830,8274051,130,184
20260520,1,20259626,마이클,48844,778421,1563,5288
20260520,2,20259791,악마는 프라다를 입는다 2,15939,1488185,752,2137
20260520,3,20252402,군체,14212,18512,68,70
20260520,4,20262975,신극장판 은혼: 요시와라 대염상,11687,13475,440,901
20260520,5,20254121,살목지,9620,3196094,644,1560
20260520,6,20261782,프로젝트 헤일메리,4949,2859808,370,537
20260520,7,20259773,슈퍼 마리오 갤럭시,3741,1480759,392,531
20260520,8,20263344,너바나 더 밴드 : 전설적 밴드 ‘너바나’와는 별 관련 없는 ‘너바나 더 밴드’의 콤비 맷과 제이. 어느 날 공연을 위해 타임머신을 만드는 황당한 작전을 세우고 처음 만났던 17년 전으로 돌,3635,5154,155,273
20260520,9,20242837,왕과 사는 남자,3521,16872840,251,344
20260520,10,20194376,탑건: 매버릭,1915,8275966,93,147
20260521,1,20252402,군체,199762,218274,1964,8118
20260521,2,20259626,마이클,29285,807706,868,2623
20260521,3,20259791,악마는 프라다를 입는다 2,9413,1497598,529,1108
20260521,4,20262975,신극장판 은혼: 요시와라 대염상,4093,17568,373,603
20260521,5,20263253,극장판 내 마음의 위험한 녀석,3895,3895,115,205
20260521,6,20263363,리마인더스 오브 힘,3000,3000,17,17
20260521,7,20254121,살목지,2914,3199008,384,545
20260521,8,20263344,너바나 더 밴드 : 전설적 밴드 ‘너바나’와는 별 관련 없는 ‘너바나 더 밴드’의 콤비 맷과 제이. 어느 날 공연을 위해 타임머신을 만드는 황당한 작전을 세우고 처음 만났던 17년 전으로 돌,2674,7828,133,212
20260521,9,20259773,슈퍼 마리오 갤럭시,2518,1483277,200,234
20260521,10,20242837,왕과 사는 남자,2334,16875174,137,161
20260522,1,20252402,군체,230039,448313,2026,8607
20260522,2,20259626,마이클,41008,848714,874,2796
20260522,3,20259791,악마는 프라다를 입는다 2,11684,1509282,544,1174
20260522,4,20254121,살목지,4841,3203849,446,667
20260522,5,20262975,신극장판 은혼: 요시와라 대염상,4779,22347,378,607
20260522,6,20259773,슈퍼 마리오 갤럭시,3594,1486871,237,288
20260522,7,20263344,너바나 더 밴드 : 전설적 밴드 ‘너바나’와는 별 관련 없는 ‘너바나 더 밴드’의 콤비 맷과 제이. 어느 날 공연을 위해 타임머신을 만드는 황당한 작전을 세우고 처음 만났던 17년 전으로 돌,2850,10678,138,220
20260522,8,20261782,프로젝트 헤일메리,2654,2864163,181,221
20260522,9,20263253,극장판 내 마음의 위험한 녀석,2543,6438,109,181
20260522,10,20242837,왕과 사는 남자,1500,16876674,129,150
20260523,1,20252402,군체,475783,924096,2103,9523
20260523,2,20259626,마이클,103652,952366,856,2839
20260523,3,20259773,슈퍼 마리오 갤럭시,24347,1511218,610,1039
20260523,4,20259791,악마는 프라다를 입는다 2,15980,1525262,521,931
20260523,5,20262975,신극장판 은혼: 요시와라 대염상,11699,34046,397,552
20260523,6,20254121,살목지,8638,3212487,414,560
20260523,7,20263222,극장판 호빵맨: 세균맨과 그림책의 루룬,6708,7109,221,372
20260523,8,20261782,프로젝트 헤일메리,5490,2869653,171,211
20260523,9,20263344,너바나 더 밴드 : 전설적 밴드 ‘너바나’와는 별 관련 없는 ‘너바나 더 밴드’의 콤비 맷과 제이. 어느 날 공연을 위해 타임머신을 만드는 황당한 작전을 세우고 처음 만났던 17년 전으로 돌,5283,15961,155,204
20260523,10,20263253,극장판 내 마음의 위험한 녀석,4873,11311,124,182
20260524,1,20252402,군체,577520,1501616,2110,9509
20260524,2,20259626,마이클,122850,1075216,922,2924
20260524,3,20259773,슈퍼 마리오 갤럭시,27591,1538809,621,1059
20260524,4,20259791,악마는 프라다를 입는다 2,16996,1542258,524,904
20260524,5,20254121,살목지,9998,3222485,404,565
20260524,6,20262975,신극장판 은혼: 요시와라 대염상,8702,42748,375,525
20260524,7,20261782,프로젝트 헤일메리,6975,2876628,170,207
20260524,8,20263222,극장판 호빵맨: 세균맨과 그림책의 루룬,5355,12464,220,354
20260524,9,20263344,너바나 더 밴드 : 전설적 밴드 ‘너바나’와는 별 관련 없는 ‘너바나 더 밴드’의 콤비 맷과 제이. 어느 날 공연을 위해 타임머신을 만드는 황당한 작전을 세우고 처음 만났던 17년 전으로 돌,4591,20552,153,196
20260524,10,20263253,극장판 내 마음의 위험한 녀석,4429,15740,124,181
20260525,1,20252402,군체,516988,2018604,2060,9008
20260525,2,20259626,마이클,109377,1184593,901,2773
20260525,3,20259773,슈퍼 마리오 갤럭시,38095,1576904,585,1027
20260525,4,20259791,악마는 프라다를 입는다 2,16318,1558576,495,842
20260525,5,20254121,살목지,8147,3230632,384,514
20260525,6,20262975,신극장판 은혼: 요시와라 대염상,7308,50056,368,501
20260525,7,20261782,프로젝트 헤일메리,6880,2883508,176,209
20260525,8,20263222,극장판 호빵맨: 세균맨과 그림책의 루룬,6682,19146,221,350
20260525,9,20263344,너바나 더 밴드 : 전설적 밴드 ‘너바나’와는 별 관련 없는 ‘너바나 더 밴드’의 콤비 맷과 제이. 어느 날 공연을 위해 타임머신을 만드는 황당한 작전을 세우고 처음 만났던 17년 전으로 돌,5652,26204,153,201
20260525,10,20242837,왕과 사는 남자,2802,16883799,117,144
20260526,1,20252402,군체,150488,2169092,1858,7855
20260526,2,20259626,마이클,20593,1205186,809,2436
20260526,3,20259791,악마는 프라다를 입는다 2,5821,1564397,487,992
20260526,4,20263344,너바나 더 밴드 : 전설적 밴드 ‘너바나’와는 별 관련 없는 ‘너바나 더 밴드’의 콤비 맷과 제이. 어느 날 공연을 위해 타임머신을 만드는 황당한 작전을 세우고 처음 만났던 17년 전으로 돌,3192,29396,142,211
20260526,5,20254121,살목지,2196,3232828,331,464
20260526,6,20261782,프로젝트 헤일메리,2107,2885615,198,268
20260526,7,20262975,신극장판 은혼: 요시와라 대염상,2006,52062,335,471
20260526,8,20259773,슈퍼 마리오 갤럭시,1198,1578102,176,204
20260526,9,20242837,왕과 사는 남자,1181,16884980,134,152
20260526,10,20262972,남태령,706,4761,54,64
20260527,1,20252402,군체,209405,2378497,1813,6970
20260527,2,20263030,백룸,54103,54631,688,1609
20260527,3,20259626,마이클,34487,1239673,809,1879
20260527,4,20258236,만달로리안과 그로구,26242,27634,809,2103
20260527,5,20259791,악마는 프라다를 입는다 2,5333,1569730,304,452
20260527,6,20263344,너바나 더 밴드 : 전설적 밴드 ‘너바나’와는 별 관련 없는 ‘너바나 더 밴드’의 콤비 맷과 제이. 어느 날 공연을 위해 타임머신을 만드는 황당한 작전을 세우고 처음 만났던 17년 전으로 돌,3533,32929,149,178
20260527,7,20262975,신극장판 은혼: 요시와라 대염상,2935,54997,166,195
20260527,8,20258837,뒷자리에 태워줘,2045,3674,155,201
20260527,9,20261782,프로젝트 헤일메리,1398,2887013,106,126
20260527,10,20263644,미세스 그린 애플 매지컬 10주년 기념 라이브 ~피오르드~ 온 스크린,1279,1279,21,21
20260528,1,20252402,군체,125432,2503929,1773,6887
20260528,2,20263030,백룸,33233,87864,716,1691
20260528,3,20259626,마이클,18579,1258252,750,1805
20260528,4,20258236,만달로리안과 그로구,12037,39671,714,1720
20260528,5,20261766,상자 속의 양,5408,5408,32,32
20260528,6,20263521,카드캡터 체리 극장판,4456,4456,162,238
20260528,7,20259791,악마는 프라다를 입는다 2,3695,1573425,291,424
20260528,8,20263344,너바나 더 밴드 : 전설적 밴드 ‘너바나’와는 별 관련 없는 ‘너바나 더 밴드’의 콤비 맷과 제이. 어느 날 공연을 위해 타임머신을 만드는 황당한 작전을 세우고 처음 만났던 17년 전으로 돌,2275,35204,139,171
20260528,9,20248252,와일드 씽,1988,5077,10,10
20260528,10,20258837,뒷자리에 태워줘,1634,5308,142,191
20260529,1,20252402,군체,182224,2686153,1854,7389
20260529,2,20263030,백룸,57805,145669,773,1851
20260529,3,20259626,마이클,23414,1281666,771,1811
20260529,4,20258236,만달로리안과 그로구,15000,54671,699,1670
20260529,5,20263512,이상한 과자 가게 전천당,6683,8630,485,738
20260529,6,20248252,와일드 씽,6217,11294,33,33
20260529,7,20259791,악마는 프라다를 입는다 2,4255,1577680,265,390
20260529,8,20263344,너바나 더 밴드 : 전설적 밴드 ‘너바나’와는 별 관련 없는 ‘너바나 더 밴드’의 콤비 맷과 제이. 어느 날 공연을 위해 타임머신을 만드는 황당한 작전을 세우고 처음 만났던 17년 전으로 돌,2538,37742,138,166
20260529,9,20258837,뒷자리에 태워줘,1715,7023,140,187
20260529,10,20262975,신극장판 은혼: 요시와라 대염상,1628,58128,140,155
20260530,1,20252402,군체,423314,3109467,1991,8490
20260530,2,20263030,백룸,132437,278106,909,2234
20260530,3,20259626,마이클,58073,1339739,775,1789
20260530,4,20258236,만달로리안과 그로구,33808,88479,687,1445
20260530,5,20263512,이상한 과자 가게 전천당,24240,32870,516,866
20260530,6,20259773,슈퍼 마리오 갤럭시,12164,1593343,393,539
20260530,7,20248252,와일드 씽,4963,16257,52,60
20260530,8,20259791,악마는 프라다를 입는다 2,4223,1581903,163,198
20260530,9,20263344,너바나 더 밴드 : 전설적 밴드 ‘너바나’와는 별 관련 없는 ‘너바나 더 밴드’의 콤비 맷과 제이. 어느 날 공연을 위해 타임머신을 만드는 황당한 작전을 세우고 처음 만났던 17년 전으로 돌,4201,41943,132,153
20260530,10,20263222,극장판 호빵맨: 세균맨과 그림책의 루룬,4012,25460,166,216
20260531,1,20252402,군체,365458,3474925,1950,7981
20260531,2,20263030,백룸,112952,391058,1014,2423
20260531,3,20259626,마이클,55194,1394933,757,1686
20260531,4,20258236,만달로리안과 그로구,28241,116720,680,1326
20260531,5,20263512,이상한 과자 가게 전천당,27551,60421,515,830
20260531,6,20259773,슈퍼 마리오 갤럭시,12984,1606327,365,493
20260531,7,20263222,극장판 호빵맨: 세균맨과 그림책의 루룬,4876,30336,181,230
20260531,8,20263344,너바나 더 밴드 : 전설적 밴드 ‘너바나’와는 별 관련 없는 ‘너바나 더 밴드’의 콤비 맷과 제이. 어느 날 공연을 위해 타임머신을 만드는 황당한 작전을 세우고 처음 만났던 17년 전으로 돌,3730,45673,130,149
20260531,9,20248252,와일드 씽,3724,19981,50,57
20260531,10,20259791,악마는 프라다를 입는다 2,3502,1585405,148,181
20260601,1,20252402,군체,101982,3576907,1732,6914
20260601,2,20263030,백룸,28523,419581,762,2138
20260601,3,20259626,마이클,14792,1409725,660,1536
20260601,4,20258236,만달로리안과 그로구,8136,124856,598,1167
20260601,5,20259791,악마는 프라다를 입는다 2,2098,1587503,207,262
20260601,6,20263512,이상한 과자 가게 전천당,2039,62460,344,449
20260601,7,20263344,너바나 더 밴드 : 전설적 밴드 ‘너바나’와는 별 관련 없는 ‘너바나 더 밴드’의 콤비 맷과 제이. 어느 날 공연을 위해 타임머신을 만드는 황당한 작전을 세우고 처음 만났던 17년 전으로 돌,1473,47146,127,154
20260601,8,20262975,신극장판 은혼: 요시와라 대염상,950,66009,121,133
20260601,9,20261782,프로젝트 헤일메리,921,2894974,98,109
20260601,10,20242837,왕과 사는 남자,893,16889947,53,60
20260602,1,20252402,군체,135387,3712294,1811,7383
20260602,2,20263030,백룸,39057,458638,841,2349
20260602,3,20259626,마이클,21071,1430796,694,1653
20260602,4,20258236,만달로리안과 그로구,13751,138607,641,1267
20260602,5,20261766,상자 속의 양,5023,10431,28,28
20260602,6,20263512,이상한 과자 가게 전천당,3005,65465,354,478
20260602,7,20259791,악마는 프라다를 입는다 2,2797,1590300,226,281
20260602,8,20263344,너바나 더 밴드 : 전설적 밴드 ‘너바나’와는 별 관련 없는 ‘너바나 더 밴드’의 콤비 맷과 제이. 어느 날 공연을 위해 타임머신을 만드는 황당한 작전을 세우고 처음 만났던 17년 전으로 돌,2386,49532,133,159
20260602,9,20261782,프로젝트 헤일메리,1804,2896778,105,121
20260602,10,20242837,왕과 사는 남자,1191,16891138,58,69
20260603,1,20252402,군체,331471,4043765,1516,5783
20260603,2,20248252,와일드 씽,160756,182077,1351,5470
20260603,3,20263030,백룸,114102,572740,872,2302
20260603,4,20259626,마이클,37148,1467944,524,788
20260603,5,20263512,이상한 과자 가게 전천당,30346,95811,531,714
20260603,6,20258236,만달로리안과 그로구,17876,156483,308,437
20260603,7,20263761,플레이브 아시아 투어 [대쉬: 퀀텀 리프] 앙코르 인 시네마,11499,11571,62,112
20260603,8,20259773,슈퍼 마리오 갤럭시,11396,1618765,196,217
20260603,9,20263272,돌핀보이: 푸른 바다의 수호자,5419,5634,222,242
20260603,10,20262975,신극장판 은혼: 요시와라 대염상,3475,70388,60,68
20260604,1,20252402,군체,79915,4123680,1419,5284
20260604,2,20248252,와일드 씽,40464,222541,1253,4715
20260604,3,20263030,백룸,27071,599811,775,1991
20260604,4,20259626,마이클,8681,1476625,517,784
20260604,5,20258236,만달로리안과 그로구,4174,160657,284,363
20260604,6,20040734,노트북,3279,830924,77,142
20260604,7,20263761,플레이브 아시아 투어 [대쉬: 퀀텀 리프] 앙코르 인 시네마,3244,14815,62,110
20260604,8,20263512,이상한 과자 가게 전천당,1897,97708,267,301
20260604,9,20263344,너바나 더 밴드 : 전설적 밴드 ‘너바나’와는 별 관련 없는 ‘너바나 더 밴드’의 콤비 맷과 제이. 어느 날 공연을 위해 타임머신을 만드는 황당한 작전을 세우고 처음 만났던 17년 전으로 돌,1237,53803,81,90
20260604,10,20258837,뒷자리에 태워줘,1205,15323,70,70
20260605,1,20252402,군체,117728,4241408,1518,5810
20260605,2,20248252,와일드 씽,60413,282954,1211,4731
20260605,3,20263030,백룸,38942,638753,821,2294
20260605,4,20259626,마이클,11048,1487673,528,789
20260605,5,20263941,마스터즈 오브 유니버스,4615,4741,214,281
20260605,6,20258236,만달로리안과 그로구,4480,165137,297,385
20260605,7,20040734,노트북,3156,834080,86,145
20260605,8,20263761,플레이브 아시아 투어 [대쉬: 퀀텀 리프] 앙코르 인 시네마,2337,17152,62,108
20260605,9,20263512,이상한 과자 가게 전천당,1696,99404,273,307
20260605,10,20263344,너바나 더 밴드 : 전설적 밴드 ‘너바나’와는 별 관련 없는 ‘너바나 더 밴드’의 콤비 맷과 제이. 어느 날 공연을 위해 타임머신을 만드는 황당한 작전을 세우고 처음 만났던 17년 전으로 돌,1450,55253,80,88
20260606,1,20252402,군체,281917,4523325,1614,6470
20260606,2,20248252,와일드 씽,149033,431987,1164,4565
20260606,3,20263030,백룸,93068,731821,908,2680
20260606,4,20259626,마이클,28968,1516641,550,848
20260606,5,20263512,이상한 과자 가게 전천당,19011,118415,537,809
20260606,6,20258236,만달로리안과 그로구,14861,179998,311,456
20260606,7,20259773,슈퍼 마리오 갤럭시,5551,1624970,189,212
20260606,8,20263761,플레이브 아시아 투어 [대쉬: 퀀텀 리프] 앙코르 인 시네마,3400,20552,62,108
20260606,9,20263272,돌핀보이: 푸른 바다의 수호자,3273,10502,215,226
20260606,10,20263941,마스터즈 오브 유니버스,3170,7911,210,248
20260607,1,20252402,군체,204211,4727536,1598,6170
20260607,2,20248252,와일드 씽,111725,543712,1161,4304
20260607,3,20263030,백룸,67802,799623,884,2500
20260607,4,20259626,마이클,23504,1540145,554,834
20260607,5,20263512,이상한 과자 가게 전천당,18402,136817,521,790
20260607,6,20258236,만달로리안과 그로구,11841,191839,308,448
20260607,7,20259773,슈퍼 마리오 갤럭시,5566,1630536,180,200
20260607,8,20263272,돌핀보이: 푸른 바다의 수호자,3115,13617,211,223
20260607,9,20040734,노트북,3037,839431,72,83
20260607,10,20263941,마스터즈 오브 유니버스,2412,10323,195,232
20260608,1,20252402,군체,52032,4779568,1386,5260
20260608,2,20248252,와일드 씽,31702,575414,1026,3774
20260608,3,20263030,백룸,17838,817461,720,2087
20260608,4,20259626,마이클,6224,1546369,492,770
20260608,5,20258236,만달로리안과 그로구,1956,193795,232,302
20260608,6,20263941,마스터즈 오브 유니버스,1304,11627,185,210
20260608,7,20040734,노트북,1170,840601,76,118
20260608,8,20248484,신사: 악귀의 속삭임,1114,1114,4,5
20260608,9,20263344,너바나 더 밴드 : 전설적 밴드 ‘너바나’와는 별 관련 없는 ‘너바나 더 밴드’의 콤비 맷과 제이. 어느 날 공연을 위해 타임머신을 만드는 황당한 작전을 세우고 처음 만났던 17년 전으로 돌,1023,61705,70,84
20260608,10,20263512,이상한 과자 가게 전천당,813,137630,206,234
20260609,1,20252402,군체,44402,4823970,1412,5188
20260609,2,20248252,와일드 씽,30279,605693,1050,3729
20260609,3,20263030,백룸,16153,833614,739,2049
20260609,4,20259626,마이클,6737,1553106,516,798
20260609,5,20258236,만달로리안과 그로구,2372,196167,263,334
20260609,6,20263941,마스터즈 오브 유니버스,1341,12968,196,221
20260609,7,20040734,노트북,1319,841920,76,120
20260609,8,20263262,맘보 점보,1166,6125,34,34
20260609,9,20263512,이상한 과자 가게 전천당,1107,138737,217,237
20260609,10,20263344,너바나 더 밴드 : 전설적 밴드 ‘너바나’와는 별 관련 없는 ‘너바나 더 밴드’의 콤비 맷과 제이. 어느 날 공연을 위해 타임머신을 만드는 황당한 작전을 세우고 처음 만났던 17년 전으로 돌,865,62570,75,89
20260610,1,20250655,디스클로저 데이,56083,56930,1072,2962
20260610,2,20252402,군체,47224,4871194,1227,4223
20260610,3,20248252,와일드 씽,32253,637946,910,2754
20260610,4,20263030,백룸,17742,851356,732,1668
20260610,5,20261766,상자 속의 양,8751,20229,456,745
20260610,6,20259626,마이클,4336,1557442,363,471
20260610,7,20263761,플레이브 아시아 투어 [대쉬: 퀀텀 리프] 앙코르 인 시네마,3932,28218,64,123
20260610,8,20163018,싱 스트리트,3089,578687,137,162
20260610,9,20264226,쏜애플 '나의 세기' 익스텐디드 플레이 필름,2000,2000,29,60
20260610,10,20258236,만달로리안과 그로구,1797,197964,123,154
20260611,1,20252402,군체,40619,4911813,1210,4225
20260611,2,20248252,와일드 씽,26678,664624,887,2689
20260611,3,20250655,디스클로저 데이,25356,82286,1014,2756
20260611,4,20263030,백룸,15969,867325,710,1656
20260611,5,20261766,상자 속의 양,5676,25905,433,724
20260611,6,20259626,마이클,4530,1561972,372,504
20260611,7,20163018,싱 스트리트,2472,581159,123,158
20260611,8,20258236,만달로리안과 그로구,1742,199706,122,177
20260611,9,20258725,순례자들은 왜 돌아오지 않는가,1573,9645,45,47
20260611,10,20259781,토이 스토리 5,1537,1537,2,3
20260612,1,20252402,군체,54064,4965877,1257,4410
20260612,2,20248252,와일드 씽,36326,700950,964,2964
20260612,3,20250655,디스클로저 데이,27363,109649,1016,2832
20260612,4,20263030,백룸,21808,889133,748,1757
20260612,5,20261766,상자 속의 양,4654,30559,440,711
20260612,6,20259626,마이클,4417,1566389,342,477
20260612,7,20258236,만달로리안과 그로구,2564,202270,143,206
20260612,8,20163018,싱 스트리트,1792,582951,120,146
20260612,9,20263344,너바나 더 밴드 : 전설적 밴드 ‘너바나’와는 별 관련 없는 ‘너바나 더 밴드’의 콤비 맷과 제이. 어느 날 공연을 위해 타임머신을 만드는 황당한 작전을 세우고 처음 만났던 17년 전으로 돌,1354,65804,60,63
20260612,10,20040734,노트북,956,844348,36,48
20260613,1,20252402,군체,132016,5097893,1331,4922
20260613,2,20248252,와일드 씽,92187,793137,1112,3748
20260613,3,20250655,디스클로저 데이,49791,159440,925,2753
20260613,4,20263030,백룸,48817,937950,767,1989
20260613,5,20259626,마이클,11558,1577947,395,589
20260613,6,20263512,이상한 과자 가게 전천당,8253,149356,425,582
20260613,7,20261766,상자 속의 양,6090,36649,444,606
20260613,8,20258236,만달로리안과 그로구,5642,207912,154,238
20260613,9,20163018,싱 스트리트,3602,586553,113,143
20260613,10,20259773,슈퍼 마리오 갤럭시,1935,1633044,93,112
20260614,1,20252402,군체,114961,5212854,1322,4751
20260614,2,20248252,와일드 씽,76586,869723,1105,3577
20260614,3,20263030,백룸,38107,976057,776,1894
20260614,4,20250655,디스클로저 데이,35230,194670,887,2458
20260614,5,20259626,마이클,11088,1589035,401,571
20260614,6,20263512,이상한 과자 가게 전천당,9807,159163,405,555
20260614,7,20264331,디어 마이 히어로,5500,5500,120,328
20260614,8,20261766,상자 속의 양,5104,41753,418,553
20260614,9,20258236,만달로리안과 그로구,4763,212675,153,220
20260614,10,20163018,싱 스트리트,2887,589440,115,135
20260615,1,20252402,군체,33836,5246690,1131,4040
20260615,2,20248252,와일드 씽,23666,893389,893,2974
20260615,3,20263030,백룸,11897,987954,639,1516
20260615,4,20250655,디스클로저 데이,10366,205036,766,2050
20260615,5,20259626,마이클,3201,1592236,357,501
20260615,6,20242402,눈동자,2879,3102,13,13
20260615,7,20261766,상자 속의 양,2293,44046,368,521
20260615,8,20258236,만달로리안과 그로구,1819,214494,129,192
20260615,9,20264331,디어 마이 히어로,1758,7258,110,279
20260615,10,20163018,싱 스트리트,1274,590714,111,142
20260616,1,20252402,군체,32022,5278712,1146,3973
20260616,2,20248252,와일드 씽,24984,918373,935,2990
20260616,3,20263030,백룸,12240,1000194,649,1510
20260616,4,20250655,디스클로저 데이,9976,215012,783,1998
20260616,5,20259626,마이클,3563,1595799,358,505
20260616,6,20261766,상자 속의 양,3068,47114,389,561
20260616,7,20258236,만달로리안과 그로구,2071,216565,133,197
20260616,8,20264331,디어 마이 히어로,1461,8719,113,279
20260616,9,20263344,너바나 더 밴드 : 전설적 밴드 ‘너바나’와는 별 관련 없는 ‘너바나 더 밴드’의 콤비 맷과 제이. 어느 날 공연을 위해 타임머신을 만드는 황당한 작전을 세우고 처음 만났던 17년 전으로 돌,1428,70506,56,64
20260616,10,20258945,너만 보이는 날,1320,3367,6,6
20260617,1,20259781,토이 스토리 5,94694,96231,1538,6104
20260617,2,20252402,군체,30906,5309618,936,2808
20260617,3,20248252,와일드 씽,25267,943640,786,2312
20260617,4,20263030,백룸,9898,1010092,513,908
20260617,5,20248484,신사: 악귀의 속삭임,7145,8897,207,403
20260617,6,20250655,디스클로저 데이,5600,220612,569,849
20260617,7,20261766,상자 속의 양,3661,50775,224,276
20260617,8,20149629,비긴 어게인,3115,3716553,119,192
20260617,9,20259626,마이클,1880,1597679,207,246
20260617,10,20163018,싱 스트리트,1603,593628,78,96
20260618,1,20259781,토이 스토리 5,63122,159353,1495,5801
20260618,2,20252402,군체,29223,5338841,914,2752
20260618,3,20248252,와일드 씽,23360,967000,786,2286
20260618,4,20263030,백룸,10760,1020852,495,876
20260618,5,20263948,에픽: 엘비스 프레슬리 콘서트,4947,5073,26,26
20260618,6,20250655,디스클로저 데이,4549,225161,543,781
20260618,7,20248484,신사: 악귀의 속삭임,4213,13110,209,366
20260618,8,20261766,상자 속의 양,3636,54411,232,278
20260618,9,20259626,마이클,2693,1600372,213,255
20260618,10,20149629,비긴 어게인,2180,3718733,115,188
20260619,1,20259781,토이 스토리 5,90267,249620,1564,6209
20260619,2,20252402,군체,37964,5376805,970,2896
20260619,3,20248252,와일드 씽,25202,992202,820,2391
20260619,4,20263030,백룸,15036,1035888,531,1005
20260619,5,20250655,디스클로저 데이,4478,229639,473,662
20260619,6,20248484,신사: 악귀의 속삭임,3734,16844,208,366
20260619,7,20261766,상자 속의 양,3420,57831,224,264
20260619,8,20149629,비긴 어게인,2655,3721388,119,198
20260619,9,20259626,마이클,2142,1602514,200,249
20260619,10,19960126,비포 선라이즈,1209,94778,91,126
20260620,1,20259781,토이 스토리 5,335726,585346,1847,8510
20260620,2,20252402,군체,87583,5464388,1004,3015
20260620,3,20248252,와일드 씽,62542,1054744,829,2525
20260620,4,20263030,백룸,28414,1064302,560,1054
20260620,5,20248484,신사: 악귀의 속삭임,9601,26445,224,373
20260620,6,20250655,디스클로저 데이,7669,237308,437,586
20260620,7,20259626,마이클,5030,1607544,204,240
20260620,8,20149629,비긴 어게인,4766,3726154,123,185
20260620,9,20261766,상자 속의 양,3301,61132,195,224
20260620,10,20258236,만달로리안과 그로구,2405,221481,84,98
20260621,1,20259781,토이 스토리 5,287035,872381,1837,8198
20260621,2,20252402,군체,63119,5527507,952,2837
20260621,3,20248252,와일드 씽,45799,1100543,800,2360
20260621,4,20263030,백룸,22444,1086746,554,988
20260621,5,20248484,신사: 악귀의 속삭임,6973,33418,217,347
20260621,6,20250655,디스클로저 데이,5946,243254,436,577
20260621,7,20259626,마이클,4335,1611879,195,232
20260621,8,20149629,비긴 어게인,3242,3729396,117,174
20260621,9,20261766,상자 속의 양,2580,63712,198,223
20260621,10,20264331,디어 마이 히어로,2475,15722,153,185
20260622,1,20259781,토이 스토리 5,59378,931759,1399,5599
20260622,2,20252402,군체,25259,5552766,867,2671
20260622,3,20248252,와일드 씽,16114,1116657,714,2131
20260622,4,20263030,백룸,11277,1098023,514,949
20260622,5,20250655,디스클로저 데이,2658,245912,424,571
20260622,6,20248484,신사: 악귀의 속삭임,2332,35750,196,320
20260622,7,20261766,상자 속의 양,2158,65870,203,237
20260622,8,20149629,비긴 어게인,2025,3731421,114,202
20260622,9,20259626,마이클,1875,1613754,201,264
20260622,10,19960126,비포 선라이즈,1135,99870,100,130
20260623,1,20259781,토이 스토리 5,59813,991572,1441,5569
20260623,2,20252402,군체,23250,5576016,885,2654
20260623,3,20248252,와일드 씽,17890,1134547,760,2225
20260623,4,20263030,백룸,10439,1108462,503,937
20260623,5,20250655,디스클로저 데이,3424,249336,435,582
20260623,6,20248484,신사: 악귀의 속삭임,2232,37982,201,323
20260623,7,20259626,마이클,2093,1615847,217,281
20260623,8,20149629,비긴 어게인,2052,3733473,117,208
20260623,9,20261766,상자 속의 양,1931,67801,213,251
20260623,10,19960126,비포 선라이즈,1295,101165,98,128
20260624,1,20259781,토이 스토리 5,75206,1066778,1254,4315
20260624,2,20250489,슈퍼걸,34938,35754,883,2916
20260624,2,20242402,눈동자,34938,38411,789,2559
20260624,4,20252402,군체,24627,5600643,706,1809
20260624,5,20248252,와일드 씽,19418,1153965,651,1496
20260624,6,20263030,백룸,8608,1117070,339,503
20260624,7,20261524,짝사랑 세계,3562,3994,150,275
20260624,8,20258945,너만 보이는 날,3337,6704,158,201
20260624,9,20246318,해피엔드,1514,136582,82,92
20260624,10,20250655,디스클로저 데이,1506,250842,105,113
20260625,1,20259781,토이 스토리 5,47610,1114388,1193,4022
20260625,2,20242402,눈동자,33866,72277,764,2518
20260625,3,20252402,군체,17300,5617943,677,1715
20260625,4,20250489,슈퍼걸,14329,50083,830,2476
20260625,5,20248252,와일드 씽,12409,1166374,607,1400
20260625,6,20263030,백룸,6360,1123430,340,499
20260625,7,20263948,에픽: 엘비스 프레슬리 콘서트,4918,9991,25,25
20260625,8,20258945,너만 보이는 날,1927,8631,144,183
20260625,9,20263344,너바나 더 밴드 : 전설적 밴드 ‘너바나’와는 별 관련 없는 ‘너바나 더 밴드’의 콤비 맷과 제이. 어느 날 공연을 위해 타임머신을 만드는 황당한 작전을 세우고 처음 만났던 17년 전으로 돌,1552,81338,39,42
20260625,10,20261524,짝사랑 세계,1495,5489,135,226
20260626,1,20259781,토이 스토리 5,74934,1189322,1308,4755
20260626,2,20242402,눈동자,48996,121273,795,2711
20260626,3,20252402,군체,21635,5639578,749,1955
20260626,4,20248252,와일드 씽,15950,1182324,679,1585
20260626,5,20250489,슈퍼걸,15817,65900,808,2523
20260626,6,20263030,백룸,7894,1131324,387,602
20260626,7,20264241,정동원 팬콘서트 필름 : 다시 만나는 길,3353,3353,43,79
20260626,8,20258945,너만 보이는 날,1955,10586,139,175
20260626,9,20149629,비긴 어게인,1610,3737921,73,122
20260626,10,20242837,왕과 사는 남자,1597,16904375,29,29
20260627,1,20259781,토이 스토리 5,226045,1415367,1734,7142
20260627,2,20242402,눈동자,95028,216301,921,2830
20260627,3,20252402,군체,41073,5680651,818,1948
20260627,4,20248252,와일드 씽,28434,1210758,717,1567
20260627,5,20250489,슈퍼걸,26356,92256,806,2087
20260627,6,20263030,백룸,12449,1143773,361,574
20260627,7,20246318,해피엔드,2666,141332,76,84
20260627,8,20264241,정동원 팬콘서트 필름 : 다시 만나는 길,2639,5992,42,74
20260627,9,20248484,신사: 악귀의 속삭임,2570,43273,111,138
20260627,10,20261524,짝사랑 세계,2360,9381,133,218
20260628,1,20259781,토이 스토리 5,201956,1617323,1705,6806
20260628,2,20242402,눈동자,88921,305222,955,2774
20260628,3,20252402,군체,33363,5714014,799,1837
20260628,4,20248252,와일드 씽,23281,1234039,704,1483
20260628,5,20250489,슈퍼걸,19591,111847,773,1864
20260628,6,20263030,백룸,10180,1153953,370,566
20260628,7,20246318,해피엔드,2546,143878,71,82
20260628,8,20248484,신사: 악귀의 속삭임,2438,45711,102,129
20260628,9,20264241,정동원 팬콘서트 필름 : 다시 만나는 길,2303,8295,42,60
20260628,10,20261524,짝사랑 세계,2225,11606,131,201
20260629,1,20259781,토이 스토리 5,40699,1658022,1127,4197
20260629,2,20242402,눈동자,38498,343720,809,2716
20260629,3,20252402,군체,14403,5728417,672,1759
20260629,4,20248252,와일드 씽,9414,1243453,610,1418
20260629,5,20250489,슈퍼걸,6281,118128,670,1615
20260629,6,20263030,백룸,5213,1159166,343,563
20260629,7,20242837,왕과 사는 남자,1203,16905949,32,32
20260629,8,20261524,짝사랑 세계,1164,12770,132,238
20260629,9,20149629,비긴 어게인,1037,3741513,77,110
20260629,10,20264241,정동원 팬콘서트 필름 : 다시 만나는 길,1027,9322,39,56
20260630,1,20259781,토이 스토리 5,42008,1700030,1156,4210
20260630,2,20242402,눈동자,39317,383037,832,2790
20260630,3,20252402,군체,15821,5744238,687,1781
20260630,4,20248252,와일드 씽,10151,1253604,641,1469
20260630,5,20250489,슈퍼걸,6075,124203,678,1578
20260630,6,20263030,백룸,5129,1164295,343,568
20260630,7,20261524,짝사랑 세계,1422,14192,128,231
20260630,8,20258945,너만 보이는 날,1363,15968,135,162
20260630,9,20149629,비긴 어게인,1116,3742629,77,111
20260630,10,20264241,정동원 팬콘서트 필름 : 다시 만나는 길,994,10316,40,54
20260701,1,20242402,눈동자,49098,432135,872,2804
20260701,2,20259781,토이 스토리 5,44064,1744094,1030,3444
20260701,3,20263530,마티 슈프림,19984,21401,738,1625
20260701,4,20252402,군체,13988,5758226,666,1485
20260701,5,20264056,그린랜드 2: 마이그레이션,8165,8583,378,733
20260701,6,20248252,와일드 씽,7779,1261383,589,991
20260701,7,20264027,극장판 도라에몽: 신 진구의 해저비밀성,6619,7521,141,538
20260701,8,20264427,극장판 암살교실 모두의 시간,4845,4845,143,214
20260701,9,20263030,백룸,3866,1168161,229,310
20260701,10,20250489,슈퍼걸,3193,127396,507,706
20260702,1,20242402,눈동자,50720,482855,894,2870
20260702,2,20259781,토이 스토리 5,45353,1789447,1043,3434
20260702,3,20252402,군체,13009,5771235,667,1465
20260702,4,20263530,마티 슈프림,10360,31761,686,1464
20260702,5,20248252,와일드 씽,6987,1268370,576,965
20260702,6,20264056,그린랜드 2: 마이그레이션,6288,14871,374,709
20260702,7,20263030,백룸,3843,1172004,237,312
20260702,8,20264027,극장판 도라에몽: 신 진구의 해저비밀성,3157,10678,143,495
20260702,9,20264427,극장판 암살교실 모두의 시간,2680,7525,145,210
20260702,10,20250489,슈퍼걸,2567,129963,471,619
20260703,1,20242402,눈동자,91438,574293,1032,3483
20260703,2,20259781,토이 스토리 5,72727,1862174,1160,4089
20260703,3,20252402,군체,19053,5790288,682,1452
20260703,4,20263530,마티 슈프림,10570,42331,656,1391
20260703,5,20248252,와일드 씽,8944,1277314,606,1006
20260703,6,20263030,백룸,6085,1178089,262,363
20260703,7,20264056,그린랜드 2: 마이그레이션,5656,20527,370,660
20260703,8,20264027,극장판 도라에몽: 신 진구의 해저비밀성,5371,16049,148,543
20260703,9,20250489,슈퍼걸,2555,132518,412,516
20260703,10,20264427,극장판 암살교실 모두의 시간,2496,10021,137,201
20260704,1,20259781,토이 스토리 5,183905,2046079,1496,6058
20260704,2,20242402,눈동자,141257,715550,1177,4257
20260704,3,20252402,군체,27477,5817765,711,1306
20260704,4,20263530,마티 슈프림,15083,57414,656,1143
20260704,5,20248252,와일드 씽,14047,1291361,557,917
20260704,6,20264027,극장판 도라에몽: 신 진구의 해저비밀성,12650,28699,194,616
20260704,7,20264056,그린랜드 2: 마이그레이션,7954,28481,353,562
20260704,8,20263030,백룸,7607,1185696,240,347
20260704,9,20264427,극장판 암살교실 모두의 시간,3746,13767,133,185
20260704,10,20250489,슈퍼걸,3280,135798,365,484
20260705,1,20259781,토이 스토리 5,172402,2218481,1463,5799
20260705,2,20242402,눈동자,127134,842684,1157,4082
20260705,3,20252402,군체,24538,5842303,680,1241
20260705,4,20263530,마티 슈프림,12848,70262,627,1065
20260705,5,20248252,와일드 씽,12250,1303611,554,865
20260705,6,20264027,극장판 도라에몽: 신 진구의 해저비밀성,11358,40057,194,592
20260705,7,20264056,그린랜드 2: 마이그레이션,7092,35573,349,550
20260705,8,20263030,백룸,6387,1192083,235,325
20260705,9,20262902,다윗,4968,16159,87,87
20260705,10,20264427,극장판 암살교실 모두의 시간,3453,17220,132,180
20260706,1,20242402,눈동자,43648,886332,994,3534
20260706,2,20259781,토이 스토리 5,30951,2249432,987,3305
20260706,3,20252402,군체,9642,5851945,624,1416
20260706,4,20263530,마티 슈프림,5506,75768,553,1020
20260706,5,20248252,와일드 씽,4806,1308417,491,831
20260706,6,20263030,백룸,2775,1194858,229,314
20260706,7,20264056,그린랜드 2: 마이그레이션,2587,38160,327,525
20260706,8,20264027,극장판 도라에몽: 신 진구의 해저비밀성,1604,41661,132,387
20260706,9,20264427,극장판 암살교실 모두의 시간,1313,18533,125,175
20260706,10,20264352,앤팀 브이알 콘서트 : 바운드리스,1041,8609,1,8
20260707,1,20242402,눈동자,44464,930796,1002,3536
20260707,2,20259781,토이 스토리 5,33386,2282818,1026,3360
20260707,3,20252402,군체,9370,5861315,608,1379
20260707,4,20263530,마티 슈프림,5542,81310,562,1025
20260707,5,20248252,와일드 씽,4631,1313048,501,821
20260707,6,20264056,그린랜드 2: 마이그레이션,3039,41199,337,540
20260707,7,20263030,백룸,2736,1197594,229,314
20260707,8,20261524,짝사랑 세계,1671,23203,109,153
20260707,9,20264027,극장판 도라에몽: 신 진구의 해저비밀성,1482,43143,126,366
20260707,10,20264427,극장판 암살교실 모두의 시간,1344,19877,124,171
20260708,1,20259946,모아나,67025,67649,1374,5260
20260708,2,20242402,눈동자,50512,981308,982,3538
20260708,3,20259781,토이 스토리 5,34341,2317159,756,2284
20260708,4,20252402,군체,8621,5869936,524,889
20260708,5,20248252,와일드 씽,4218,1317266,332,480
20260708,6,20263530,마티 슈프림,3757,85067,200,239
20260708,7,20262651,하나 코리아,2500,4129,170,228
20260708,8,20263030,백룸,1963,1199557,108,145
20260708,9,20261410,키퍼,1948,1948,119,194
20260708,10,20261467,시크릿 에이전트,1742,2779,83,93
20260709,1,20259946,모아나,39887,107536,1349,4937
20260709,2,20242402,눈동자,38125,1019433,960,3499
20260709,3,20259781,토이 스토리 5,24625,2341784,756,2288
20260709,4,20252402,군체,7381,5877317,530,895
20260709,5,20248252,와일드 씽,3641,1320907,345,495
20260709,6,20264056,그린랜드 2: 마이그레이션,3012,45712,154,200
20260709,7,20263530,마티 슈프림,2737,87804,204,235
20260709,8,20262651,하나 코리아,2136,6265,146,204
20260709,9,20261410,키퍼,1491,3439,99,175
20260709,10,20263030,백룸,1319,1200876,107,142
20260710,1,20259946,모아나,58817,166353,1329,5091
20260710,2,20242402,눈동자,50730,1070163,956,3476
20260710,3,20259781,토이 스토리 5,36305,2378089,745,2290
20260710,4,20262902,다윗,7840,25634,547,1191
20260710,5,20252402,군체,7837,5885154,501,789
20260710,6,20248252,와일드 씽,3787,1324694,318,434
20260710,7,20263530,마티 슈프림,3526,91330,202,231
20260710,8,20264056,그린랜드 2: 마이그레이션,2819,48531,136,162
20260710,9,20262651,하나 코리아,2139,8404,140,192
20260710,10,20263030,백룸,1807,1202683,126,154
20260711,1,20259946,모아나,180176,346529,1449,6004
20260711,2,20242402,눈동자,111498,1181661,1026,3833
20260711,3,20259781,토이 스토리 5,103545,2481634,994,3128
20260711,4,20262902,다윗,23132,48766,649,1343
20260711,5,20252402,군체,15644,5900798,517,777
20260711,6,20263530,마티 슈프림,5870,97200,195,214
20260711,7,20264027,극장판 도라에몽: 신 진구의 해저비밀성,5580,52270,199,347
20260711,8,20233219,호프,5096,5630,27,27
20260711,9,20248252,와일드 씽,4813,1329507,301,379
20260711,10,20263030,백룸,3479,1206162,119,154
20260712,1,20259946,모아나,164927,511456,1435,5749
20260712,2,20259781,토이 스토리 5,98662,2580296,1012,3094
20260712,3,20242402,눈동자,95577,1277238,1035,3626
20260712,4,20262902,다윗,26703,75469,669,1249
20260712,5,20252402,군체,13527,5914325,501,736
20260712,6,20233219,호프,5050,10680,27,27
20260712,7,20263530,마티 슈프림,4890,102090,187,209
20260712,8,20264027,극장판 도라에몽: 신 진구의 해저비밀성,4880,57150,188,323
20260712,9,20248252,와일드 씽,3721,1333228,269,329
20260712,10,20263030,백룸,2901,1209063,111,148
20260713,1,20259946,모아나,29084,540540,1127,4097
20260713,2,20242402,눈동자,26897,1304135,898,3214
20260713,3,20259781,토이 스토리 5,17731,2598027,697,2082
20260713,4,20252402,군체,6106,5920431,493,788
20260713,5,20262902,다윗,5314,80783,455,922
20260713,6,20233219,호프,4365,15045,17,17
20260713,7,20263530,마티 슈프림,2961,105051,185,211
20260713,8,20248252,와일드 씽,1947,1335175,272,337
20260713,9,20264056,그린랜드 2: 마이그레이션,1346,53889,130,160
20260713,10,20263030,백룸,1325,1210388,105,139
20260714,1,20259946,모아나,25966,566506,1155,3922
20260714,2,20242402,눈동자,22901,1327036,890,3096
20260714,3,20259781,토이 스토리 5,17149,2615176,700,2072
20260714,4,20252402,군체,5977,5926408,502,791
20260714,5,20262902,다윗,5797,86580,483,900
20260714,6,20263530,마티 슈프림,3118,108169,195,227
20260714,7,20248252,와일드 씽,2427,1337602,288,369
20260714,8,20233219,호프,2313,17358,7,7
20260714,9,20263030,백룸,1158,1211546,101,129
20260714,10,20262651,하나 코리아,993,12896,131,167
20260715,1,20233219,호프,333886,351244,2403,8343
20260715,2,20261784,미니언즈 & 몬스터즈,31725,35562,851,2448
20260715,3,20259946,모아나,13018,579524,657,1142
20260715,4,20242402,눈동자,11859,1338895,579,913
20260715,5,20259781,토이 스토리 5,8518,2623694,440,584
20260715,6,20262902,다윗,3976,90556,312,368
20260715,7,20263530,마티 슈프림,1386,109555,66,70
20260715,8,20248252,와일드 씽,1205,1338807,46,48
20260715,9,20252402,군체,1122,5927530,126,144
20260715,10,20261421,나무의 노래,1033,4185,6,6
20260716,1,20233219,호프,274440,625684,2424,8592
20260716,2,20261784,미니언즈 & 몬스터즈,30647,66209,893,2425
20260716,3,20259946,모아나,19016,598540,709,1244
20260716,4,20242402,눈동자,16755,1355650,626,989
20260716,5,20259781,토이 스토리 5,11751,2635445,498,691
20260716,6,20262902,다윗,4642,95198,321,372
20260716,7,20252402,군체,2069,5929599,142,164
20260716,8,20263530,마티 슈프림,1678,111233,60,67
20260716,9,20242837,왕과 사는 남자,662,16912665,14,14
20260716,10,20259551,파리의 사생활,590,1391,30,32
20260717,1,20233219,호프,594768,1220452,2386,8997
20260717,2,20261784,미니언즈 & 몬스터즈,126338,192547,1043,3098
20260717,3,20259946,모아나,67550,666090,774,1462
20260717,4,20259781,토이 스토리 5,42786,2678231,566,847
20260717,5,20242402,눈동자,30840,1386490,614,946
20260717,6,20262902,다윗,22707,117905,362,441
20260717,7,20252402,군체,6738,5936337,131,159
20260717,8,20264027,극장판 도라에몽: 신 진구의 해저비밀성,2288,61600,78,85
20260717,9,20263530,마티 슈프림,2034,113267,75,78
20260717,10,20264718,블리치 천년혈전 편 : 화진담,1302,11791,10,12
20260718,1,20233219,호프,512174,1732626,2376,8919
20260718,2,20261784,미니언즈 & 몬스터즈,96184,288731,1034,3003
20260718,3,20259946,모아나,56032,722122,823,1533
20260718,4,20259781,토이 스토리 5,37157,2715388,605,923
20260718,5,20242402,눈동자,24828,1411318,598,901
20260718,6,20262902,다윗,20276,138181,399,500
20260718,7,20252402,군체,2950,5939287,121,142
20260718,8,20264027,극장판 도라에몽: 신 진구의 해저비밀성,2457,64057,88,108
20260718,9,20263530,마티 슈프림,2086,115353,67,73
20260718,10,20264718,블리치 천년혈전 편 : 화진담,1212,13003,11,12
20260719,1,20233219,호프,397003,2129629,2334,8399
20260719,2,20261784,미니언즈 & 몬스터즈,85957,374688,1039,2902
20260719,3,20259946,모아나,49965,772087,846,1503
20260719,4,20259781,토이 스토리 5,34777,2750165,596,926
20260719,5,20262902,다윗,21569,159750,418,521
20260719,6,20242402,눈동자,19890,1431208,577,858
20260719,7,20252402,군체,1846,5941133,113,124
20260719,8,20263530,마티 슈프림,1730,117083,69,76
20260719,9,20264027,극장판 도라에몽: 신 진구의 해저비밀성,1679,65736,83,100
20260719,10,20264718,블리치 천년혈전 편 : 화진담,977,13980,9,10
20260720,1,20233219,호프,143061,2272690,2209,7657
20260720,2,20261784,미니언즈 & 몬스터즈,16807,391495,765,1938
20260720,3,20259946,모아나,11094,783181,649,1216
20260720,4,20242402,눈동자,10217,1441425,597,1007
20260720,5,20259781,토이 스토리 5,7510,2757675,486,706
20260720,6,20262902,다윗,3242,162992,298,367
20260720,7,20252402,군체,1125,5942258,137,162
20260720,8,20263530,마티 슈프림,881,117964,57,67
20260720,9,20264665,드림 애니멀즈: 더무비,654,8355,5,5
20260720,10,20259551,파리의 사생활,352,3736,26,27
20260721,1,20233219,호프,128899,2401589,2224,7696
20260721,2,20261784,미니언즈 & 몬스터즈,18765,410260,822,2003
20260721,3,20259946,모아나,12634,795815,667,1266
20260721,4,20242402,눈동자,12341,1453766,621,1030
20260721,5,20259781,토이 스토리 5,8400,2766075,503,741
20260721,6,20262902,다윗,3362,166354,306,369
20260721,7,20252402,군체,1252,5943510,134,160
20260721,8,20262381,사랑의 하츄핑: 고래보석의 전설,874,874,4,4
20260721,9,20263530,마티 슈프림,815,118779,51,61
20260721,10,20248252,와일드 씽,713,1341798,39,42
20260722,1,20233219,호프,131739,2533328,2230,7678
20260722,2,20261784,미니언즈 & 몬스터즈,18075,428335,759,1891
20260722,3,20259946,모아나,13159,808974,709,1378
20260722,4,20242402,눈동자,11292,1465058,610,1092
20260722,5,20259781,토이 스토리 5,9028,2775103,517,792
20260722,6,20262902,다윗,3002,169356,305,376
20260722,7,20264753,호컴,2032,3142,124,192
20260722,8,20236493,지느러미,1543,2542,54,70
20260722,9,20252402,군체,1414,5944924,145,174
20260722,10,20263530,마티 슈프림,1216,119995,58,71
20260723,1,20233219,호프,114997,2648325,2222,7628
20260723,2,20261784,미니언즈 & 몬스터즈,16713,445048,766,1884
20260723,3,20259946,모아나,13261,822235,699,1365
20260723,4,20242402,눈동자,9417,1474475,611,1071
20260723,5,20259781,토이 스토리 5,8043,2783146,520,800
20260723,6,20262902,다윗,4502,173858,310,393
20260723,7,20264753,호컴,1508,4650,122,186
20260723,8,20252402,군체,1281,5946205,153,178
20260723,9,20263530,마티 슈프림,910,120905,53,68
20260723,10,20250654,오디세이,624,624,1,1
20260724,1,20233219,호프,153910,2802235,2256,8064
20260724,2,20261784,미니언즈 & 몬스터즈,19957,465005,794,1848
20260724,3,20259946,모아나,16041,838276,743,1414
20260724,4,20242402,눈동자,9531,1484006,603,1035
20260724,5,20259781,토이 스토리 5,9456,2792602,526,791
20260724,6,20262902,다윗,5347,179205,318,393
20260724,7,20264665,드림 애니멀즈: 더무비,3368,12472,305,389
20260724,8,20264753,호컴,1540,6190,123,179
20260724,9,20252402,군체,1199,5947404,131,156
20260724,10,20248252,와일드 씽,1112,1344042,41,44
20260725,1,20233219,호프,327564,3129799,2258,8412
20260725,2,20261784,미니언즈 & 몬스터즈,49512,514517,1004,2391
20260725,3,20259946,모아나,36157,874433,843,1653
20260725,4,20259781,토이 스토리 5,22032,2814634,640,1013
20260725,5,20262902,다윗,20331,199536,460,581
20260725,6,20242402,눈동자,14534,1498540,563,906
20260725,7,20264665,드림 애니멀즈: 더무비,5690,18162,378,518
20260725,8,20263530,마티 슈프림,1579,123430,58,66
20260725,9,20262381,사랑의 하츄핑: 고래보석의 전설,1558,2983,6,6
20260725,10,20252402,군체,1447,5948851,112,127
20260726,1,20233219,호프,285870,3415669,2245,8010
20260726,2,20261784,미니언즈 & 몬스터즈,48445,562962,981,2307
20260726,3,20259946,모아나,34802,909235,860,1607
20260726,4,20259781,토이 스토리 5,22487,2837121,622,987
20260726,5,20262902,다윗,20815,220351,441,542
20260726,6,20242402,눈동자,13074,1511614,521,823
20260726,7,20264665,드림 애니멀즈: 더무비,6242,24404,378,509
20260726,8,20263530,마티 슈프림,1877,125307,67,76
20260726,9,20252402,군체,1131,5949982,104,119
20260726,10,20264027,극장판 도라에몽: 신 진구의 해저비밀성,979,69574,70,80
20260727,1,20233219,호프,103400,3519069,2096,7272
20260727,2,20261784,미니언즈 & 몬스터즈,21401,584363,774,1856
20260727,3,20259946,모아나,15049,924284,704,1403
20260727,4,20259781,토이 스토리 5,11521,2848642,522,854
20260727,5,20242402,눈동자,6698,1518312,545,885
20260727,6,20262902,다윗,5037,225388,307,379
20260727,7,20264665,드림 애니멀즈: 더무비,3741,28145,337,431
20260727,8,20255484,오케이 마담2,2952,3241,12,15
20260727,9,20252402,군체,812,5950794,126,143
20260727,10,20263530,마티 슈프림,704,126011,53,61
20260728,1,20233219,호프,100147,3619216,2108,7258
20260728,2,20261784,미니언즈 & 몬스터즈,22067,606430,806,1886
20260728,3,20259946,모아나,15557,939841,724,1441
20260728,4,20259781,토이 스토리 5,12498,2861140,536,884
20260728,5,20242402,눈동자,6533,1524845,525,881
20260728,6,20262902,다윗,5472,230860,315,388
20260728,7,20264665,드림 애니멀즈: 더무비,3166,31311,323,414
20260728,8,20262770,스파이더맨: 브랜드 뉴 데이,1254,1254,3,5
20260728,9,20252402,군체,967,5951761,128,149
20260728,10,20262381,사랑의 하츄핑: 고래보석의 전설,961,4951,5,5
20260729,1,20262770,스파이더맨: 브랜드 뉴 데이,690979,692233,2304,9082
20260729,2,20233219,호프,87892,3707108,1023,2901
20260729,3,20261784,미니언즈 & 몬스터즈,21655,628085,692,1065
20260729,4,20259946,모아나,11102,950943,471,656
20260729,5,20259781,토이 스토리 5,9231,2870371,320,385
20260729,6,20264148,어떻게 해야 했을까?,3694,4086,61,77
20260729,7,20262902,다윗,3669,234529,139,157
20260729,8,20264665,드림 애니멀즈: 더무비,2522,33833,224,231
20260729,9,20242402,눈동자,2488,1527333,199,232
20260729,10,20242837,왕과 사는 남자,1004,16916280,12,12
20260730,1,20262770,스파이더맨: 브랜드 뉴 데이,441844,1134077,2222,8848
20260730,2,20233219,호프,67623,3774731,1026,2954
20260730,3,20261784,미니언즈 & 몬스터즈,20610,648695,690,1067
20260730,4,20259946,모아나,11882,962825,486,707
20260730,5,20259781,토이 스토리 5,9967,2880338,358,435
20260730,6,20264148,어떻게 해야 했을까?,3913,7999,52,80
20260730,7,20262902,다윗,3836,238365,150,166
20260730,8,20264665,드림 애니멀즈: 더무비,3444,37277,238,250
20260730,9,20242402,눈동자,2680,1530013,220,261
20260730,10,20257100,산양들,1118,2827,39,51
20260731,1,20262770,스파이더맨: 브랜드 뉴 데이,526328,1660405,2275,9373
20260731,2,20233219,호프,81496,3856227,1005,2980
20260731,3,20261784,미니언즈 & 몬스터즈,20042,668737,726,1110
20260731,4,20259946,모아나,11630,974455,480,705
20260731,5,20259781,토이 스토리 5,10380,2890718,395,472
20260731,6,20262902,다윗,6272,244637,186,207
20260731,7,20264148,어떻게 해야 했을까?,4351,12350,61,94
20260731,8,20242402,눈동자,2375,1532388,200,246
20260731,9,20264665,드림 애니멀즈: 더무비,1943,39220,173,178
20260731,10,20265254,투모로우바이투게더 브이알 콘서트 : 엔드리스 라이드,1469,1469,2,14
20260801,1,20262770,스파이더맨: 브랜드 뉴 데이,901577,2561982,2409,10152
20260801,2,20233219,호프,136417,3992644,957,2724
20260801,3,20261784,미니언즈 & 몬스터즈,22173,690910,715,1091
20260801,4,20259946,모아나,12729,987184,465,626
20260801,5,20262381,사랑의 하츄핑: 고래보석의 전설,10683,16191,76,91
20260801,6,20259781,토이 스토리 5,9940,2900658,367,455
20260801,7,20262902,다윗,8795,253432,253,285
20260801,8,20264148,어떻게 해야 했을까?,6224,18574,67,110
20260801,9,20242402,눈동자,2646,1535034,160,187
20260801,10,20264665,드림 애니멀즈: 더무비,1365,40585,130,134
20260802,1,20262770,스파이더맨: 브랜드 뉴 데이,826331,3388313,2382,9784
20260802,2,20233219,호프,117895,4110539,965,2620
20260802,3,20261784,미니언즈 & 몬스터즈,23030,713940,716,1089
20260802,4,20259946,모아나,12763,999947,452,580
20260802,5,20259781,토이 스토리 5,11554,2912212,375,472
20260802,6,20262381,사랑의 하츄핑: 고래보석의 전설,10305,26496,75,85
20260802,7,20262902,다윗,9917,263349,243,276
20260802,8,20264148,어떻게 해야 했을까?,5434,24008,63,107
20260802,9,20242402,눈동자,2341,1537375,151,176
20260802,10,20264665,드림 애니멀즈: 더무비,1411,41996,126,130
20260803,1,20262770,스파이더맨: 브랜드 뉴 데이,401780,3790093,2178,8774
20260803,2,20233219,호프,63927,4174466,901,2658
20260803,3,20261784,미니언즈 & 몬스터즈,12454,726394,672,1050
20260803,4,20259781,토이 스토리 5,7454,2919666,384,487
20260803,5,20259946,모아나,6986,1006933,437,580
20260803,6,20264148,어떻게 해야 했을까?,3147,27155,59,103
20260803,7,20262902,다윗,3085,266434,171,199
20260803,8,20242402,눈동자,1489,1538864,164,185
20260803,9,20264665,드림 애니멀즈: 더무비,845,42841,112,112
20260803,10,20250654,오디세이,678,1302,2,2
20260804,1,20262770,스파이더맨: 브랜드 뉴 데이,348285,4138378,2214,8852
20260804,2,20233219,호프,61234,4235700,919,2690
20260804,3,20261784,미니언즈 & 몬스터즈,12337,738731,668,1029
20260804,4,20259781,토이 스토리 5,7890,2927556,385,488
20260804,5,20259946,모아나,6860,1013793,444,603
20260804,6,20262902,다윗,3059,269493,178,204
20260804,7,20264148,어떻게 해야 했을까?,2991,30146,56,104
20260804,8,20242402,눈동자,1369,1540233,168,189
20260804,9,20250654,오디세이,1065,2367,3,3
20260804,10,20262381,사랑의 하츄핑: 고래보석의 전설,916,27412,3,6
20260805,1,20250654,오디세이,292705,295072,1682,5036
20260805,2,20262770,스파이더맨: 브랜드 뉴 데이,275160,4413538,1666,5657
20260805,3,20262381,사랑의 하츄핑: 고래보석의 전설,73165,100577,824,1751
20260805,4,20233219,호프,30063,4265763,690,1164
20260805,5,20261784,미니언즈 & 몬스터즈,5297,744028,302,340
20260805,6,20264148,어떻게 해야 했을까?,4132,34278,74,140
20260805,7,20259781,토이 스토리 5,2768,2930324,150,162
20260805,8,20259946,모아나,2325,1016118,119,127
20260805,9,20262902,다윗,1390,270883,70,74
20260805,10,20262945,퍼피 구조대: 더 다이노 무비,746,746,3,3
20260806,1,20250654,오디세이,246219,541291,1660,4912
20260806,2,20262770,스파이더맨: 브랜드 뉴 데이,238066,4651604,1694,5675
20260806,3,20262381,사랑의 하츄핑: 고래보석의 전설,43768,144345,801,1698
20260806,4,20233219,호프,27200,4292963,688,1163
20260806,5,20261784,미니언즈 & 몬스터즈,4646,748674,284,313
20260806,6,20255484,오케이 마담2,4467,7874,25,25
20260806,7,20264148,어떻게 해야 했을까?,3420,37698,78,143
20260806,8,20259781,토이 스토리 5,2665,2932989,148,154
20260806,9,20262902,다윗,1607,272490,77,81
20260806,10,20259946,모아나,1536,1017654,106,113
20260807,1,20250654,오디세이,310283,851574,1633,5012
20260807,2,20262770,스파이더맨: 브랜드 뉴 데이,286706,4938310,1751,6084
20260807,3,20262381,사랑의 하츄핑: 고래보석의 전설,41708,186053,822,1798
20260807,4,20233219,호프,30831,4323794,658,1135
20260807,5,20261784,미니언즈 & 몬스터즈,4525,753199,260,281
20260807,6,20264148,어떻게 해야 했을까?,3505,41203,81,145
20260807,7,20262902,다윗,2671,275161,75,79
20260807,8,20259781,토이 스토리 5,2415,2935404,141,149
20260807,9,20259946,모아나,1570,1019224,91,97
20260807,10,20265254,투모로우바이투게더 브이알 콘서트 : 엔드리스 라이드,454,5528,2,16
20260808,1,20250654,오디세이,525638,1377212,1745,5187
20260808,2,20262770,스파이더맨: 브랜드 뉴 데이,514125,5452435,1802,6440
20260808,3,20262381,사랑의 하츄핑: 고래보석의 전설,124186,310239,958,2216
20260808,4,20233219,호프,37846,4361640,553,868
20260808,5,20262902,다윗,5847,281008,125,134
20260808,6,20261784,미니언즈 & 몬스터즈,5077,758276,227,240
20260808,7,20264148,어떻게 해야 했을까?,4547,45750,76,140
20260808,8,20264635,명탐정 코난: 하이웨이의 타천사,4355,4355,36,37
20260808,9,20259781,토이 스토리 5,2067,2937471,109,112
20260808,10,20255484,오케이 마담2,1527,9401,12,16
20260809,1,20250654,오디세이,497543,1874755,1798,5118
20260809,2,20262770,스파이더맨: 브랜드 뉴 데이,463906,5916341,1763,6052
20260809,3,20262381,사랑의 하츄핑: 고래보석의 전설,123565,433804,941,2164
20260809,4,20233219,호프,32223,4393863,548,832
20260809,5,20262902,다윗,8342,289350,145,154
20260809,6,20261784,미니언즈 & 몬스터즈,5014,763290,227,243
20260809,7,20264635,명탐정 코난: 하이웨이의 타천사,4473,8828,37,38
20260809,8,20264148,어떻게 해야 했을까?,3978,49728,79,137
20260809,9,20255484,오케이 마담2,2382,11783,12,14
20260809,10,20259781,토이 스토리 5,1907,2939378,99,102
20260810,1,20250654,오디세이,257610,2132365,1647,4991
20260810,2,20262770,스파이더맨: 브랜드 뉴 데이,174609,6090950,1590,5518
20260810,3,20262381,사랑의 하츄핑: 고래보석의 전설,19410,453214,726,1509
20260810,4,20233219,호프,14523,4408386,562,949
20260810,5,20264148,어떻게 해야 했을까?,2317,52045,70,132
20260810,6,20261784,미니언즈 & 몬스터즈,2193,765483,208,217
20260810,7,20259781,토이 스토리 5,1112,2940490,109,112
20260810,8,20262902,다윗,958,290308,65,69
20260810,9,20259946,모아나,826,1021755,67,70
20260810,10,20263530,마티 슈프림,290,131844,18,18
20260811,1,20250654,오디세이,236216,2368581,1697,5075
20260811,2,20262770,스파이더맨: 브랜드 뉴 데이,151901,6242851,1618,5552
20260811,3,20262381,사랑의 하츄핑: 고래보석의 전설,19207,472421,755,1509
20260811,4,20233219,호프,14078,4422464,580,977
20260811,5,20264148,어떻게 해야 했을까?,2696,54741,70,127
20260811,6,20261784,미니언즈 & 몬스터즈,2689,768172,222,233
20260811,7,20259781,토이 스토리 5,1862,2942352,121,127
20260811,8,20264879,청년 조용기,1193,2055,6,10
20260811,9,20259946,모아나,1172,1022927,64,67
20260811,10,20262902,다윗,964,291272,64,67
20260812,1,20250654,오디세이,247314,2615895,1727,4730
20260812,2,20262770,스파이더맨: 브랜드 뉴 데이,147198,6390049,1443,4208
20260812,3,20264635,명탐정 코난: 하이웨이의 타천사,67964,76792,809,1794
20260812,4,20255484,오케이 마담2,42923,54929,925,2514
20260812,5,20262381,사랑의 하츄핑: 고래보석의 전설,14977,487398,564,793
20260812,6,20233219,호프,7631,4430095,307,406
20260812,7,20264148,어떻게 해야 했을까?,2734,57475,51,93
20260812,8,20261784,미니언즈 & 몬스터즈,1232,769404,48,50
20260812,9,20185485,보헤미안 랩소디,1230,9949616,54,171
20260812,10,19940067,애정만세,1201,3211,48,52
20260813,1,20250654,오디세이,234825,2850720,1726,4879
20260813,2,20262770,스파이더맨: 브랜드 뉴 데이,121466,6511515,1369,4118
20260813,3,20264635,명탐정 코난: 하이웨이의 타천사,32715,109507,717,1541
20260813,4,20255484,오케이 마담2,28054,82983,857,2345
20260813,5,20262381,사랑의 하츄핑: 고래보석의 전설,12203,499601,545,754
20260813,6,20233219,호프,6750,4436845,317,418
20260813,7,20262945,퍼피 구조대: 더 다이노 무비,4240,7986,289,314
20260813,8,20247458,경주기행,3112,3112,13,14
20260813,9,20264148,어떻게 해야 했을까?,2338,59813,53,94
20260813,10,20264879,청년 조용기,1403,4091,5,13
20260814,1,20250654,오디세이,329036,3179756,1876,5485
20260814,2,20262770,스파이더맨: 브랜드 뉴 데이,154942,6666457,1380,4175
20260814,3,20264635,명탐정 코난: 하이웨이의 타천사,28803,138310,752,1498
20260814,4,20255484,오케이 마담2,26241,109224,844,2160
20260814,5,20262381,사랑의 하츄핑: 고래보석의 전설,14427,514028,582,790
20260814,6,20233219,호프,9171,4446016,324,480
20260814,7,20262945,퍼피 구조대: 더 다이노 무비,3507,11493,274,296
20260814,8,20264148,어떻게 해야 했을까?,2465,62278,56,104
20260814,9,20185485,보헤미안 랩소디,2111,9952635,60,166
20260814,10,20261784,미니언즈 & 몬스터즈,1460,771939,39,39
20260815,1,20250654,오디세이,642083,3821839,2042,6454
20260815,2,20262770,스파이더맨: 브랜드 뉴 데이,298744,6965201,1313,4152
20260815,3,20262381,사랑의 하츄핑: 고래보석의 전설,61152,575180,727,1232
20260815,4,20255484,오케이 마담2,47975,157199,772,1708
20260815,5,20264635,명탐정 코난: 하이웨이의 타천사,45697,184007,710,1317
20260815,6,20262945,퍼피 구조대: 더 다이노 무비,17952,29445,343,385
20260815,7,20233219,호프,14137,4460153,283,431
20260815,8,20264148,어떻게 해야 했을까?,3532,65810,51,89
20260815,9,20262902,다윗,3049,295373,42,44
20260815,10,19940067,애정만세,1650,5946,41,59
20260816,1,20250654,오디세이,720586,4542425,2114,6633
20260816,2,20262770,스파이더맨: 브랜드 뉴 데이,314138,7279339,1311,4060
20260816,3,20262381,사랑의 하츄핑: 고래보석의 전설,58345,633525,744,1262
20260816,4,20255484,오케이 마담2,46765,203964,741,1556
20260816,5,20264635,명탐정 코난: 하이웨이의 타천사,42020,226027,714,1288
20260816,6,20262945,퍼피 구조대: 더 다이노 무비,18180,47625,340,386
20260816,7,20233219,호프,15400,4475553,289,434
20260816,8,20264148,어떻게 해야 했을까?,3502,69312,55,90
20260816,9,20262902,다윗,3321,298694,44,51
20260816,10,20185485,보헤미안 랩소디,996,9954758,65,88
20260817,1,20250654,오디세이,620949,5163374,2109,6473
20260817,2,20262770,스파이더맨: 브랜드 뉴 데이,261755,7541094,1268,3802
20260817,3,20262381,사랑의 하츄핑: 고래보석의 전설,64547,698072,700,1175
20260817,4,20264635,명탐정 코난: 하이웨이의 타천사,38351,264378,709,1224
20260817,5,20255484,오케이 마담2,35416,239380,673,1287
20260817,6,20262945,퍼피 구조대: 더 다이노 무비,22217,69842,353,409
20260817,7,20233219,호프,11255,4486808,280,416
20260817,8,20264148,어떻게 해야 했을까?,3602,72914,49,87
20260817,9,20262902,다윗,1248,299942,22,24
20260817,10,20185485,보헤미안 랩소디,957,9955715,72,89
20260818,1,20250654,오디세이,228287,5391661,1787,5446
20260818,2,20262770,스파이더맨: 브랜드 뉴 데이,78107,7619201,1181,3487
20260818,3,20264635,명탐정 코난: 하이웨이의 타천사,14573,278951,663,1246
20260818,4,20255484,오케이 마담2,11460,250840,691,1484
20260818,5,20262381,사랑의 하츄핑: 고래보석의 전설,8489,706561,490,652
20260818,6,20233219,호프,5313,4492121,329,491
20260818,7,20262945,퍼피 구조대: 더 다이노 무비,2352,72194,219,236
20260818,8,20264148,어떻게 해야 했을까?,2149,75063,51,89
20260818,9,20264879,청년 조용기,1032,5743,5,9
20260818,10,20261784,미니언즈 & 몬스터즈,645,773600,15,15
20260819,1,20250654,오디세이,207841,5599502,1875,5621
20260819,2,20262770,스파이더맨: 브랜드 뉴 데이,66386,7685587,1126,3185
20260819,3,20264635,명탐정 코난: 하이웨이의 타천사,17422,296373,695,1237
20260819,4,20255484,오케이 마담2,11460,262300,651,1168
20260819,5,20262381,사랑의 하츄핑: 고래보석의 전설,6984,713545,411,492
20260819,6,20100810,마루 밑 아리에티,5132,1073954,186,303
20260819,7,20233219,호프,4088,4496209,248,390
20260819,8,20264080,워페어,3815,4305,199,381
20260819,9,20265598,에이티즈 : 라이트 더 웨이 인 시네마,1999,1999,27,54
20260819,10,20262945,퍼피 구조대: 더 다이노 무비,1824,74018,160,170
20260820,1,20250654,오디세이,188671,5788173,1831,5438
20260820,2,20262770,스파이더맨: 브랜드 뉴 데이,55282,7740869,1056,2906
20260820,3,20264035,인시디어스: 그들이 넘어왔다,21976,22330,690,1563
20260820,4,20264635,명탐정 코난: 하이웨이의 타천사,9850,306223,598,930
20260820,5,20255484,오케이 마담2,9623,271923,585,972
20260820,6,20262381,사랑의 하츄핑: 고래보석의 전설,5236,718781,366,418
20260820,7,20233219,호프,3820,4500029,208,334
20260820,8,20264080,워페어,2225,6530,181,302
20260820,9,20100810,마루 밑 아리에티,1873,1075827,155,233
20260820,10,20264879,청년 조용기,1727,8190,8,17
20260821,1,20250654,오디세이,261650,6049797,1986,6189
20260821,2,20262770,스파이더맨: 브랜드 뉴 데이,73120,7813969,1077,3040
20260821,3,20264035,인시디어스: 그들이 넘어왔다,19880,42210,678,1409
20260821,4,20264635,명탐정 코난: 하이웨이의 타천사,9839,316060,601,905
20260821,5,20255484,오케이 마담2,8427,280350,588,873
20260821,6,20262381,사랑의 하츄핑: 고래보석의 전설,5769,724521,378,440
20260821,7,20233219,호프,5115,4505133,207,328
20260821,8,20264080,워페어,1827,8357,184,285
20260821,9,20264148,어떻게 해야 했을까?,1660,79674,52,75
20260821,10,20100810,마루 밑 아리에티,1551,1077378,126,169
20260822,1,20250654,오디세이,557343,6607140,2182,7240
20260822,2,20262770,스파이더맨: 브랜드 뉴 데이,164390,7978359,1070,2988
20260822,3,20262381,사랑의 하츄핑: 고래보석의 전설,31522,756043,606,884
20260822,4,20264035,인시디어스: 그들이 넘어왔다,28984,71194,619,1069
20260822,5,20264635,명탐정 코난: 하이웨이의 타천사,20291,336351,574,783
20260822,6,20255484,오케이 마담2,12926,293276,496,653
20260822,7,20262945,퍼피 구조대: 더 다이노 무비,9347,85766,275,333
20260822,8,20233219,호프,7185,4512318,175,247
20260822,9,20100810,마루 밑 아리에티,4939,1082317,140,160
20260822,10,20262902,다윗,3176,303829,48,55
20260823,1,20250654,오디세이,502197,7109337,2169,6980
20260823,2,20262770,스파이더맨: 브랜드 뉴 데이,149239,8127598,1042,2857
20260823,3,20262381,사랑의 하츄핑: 고래보석의 전설,32192,788235,601,869
20260823,4,20264035,인시디어스: 그들이 넘어왔다,22724,93918,602,1022
20260823,5,20264635,명탐정 코난: 하이웨이의 타천사,19920,356271,562,760
20260823,6,20255484,오케이 마담2,12237,305513,475,623
20260823,7,20262945,퍼피 구조대: 더 다이노 무비,9833,95599,273,327
20260823,8,20233219,호프,6064,4518382,170,240
20260823,9,20100810,마루 밑 아리에티,3941,1086258,138,155
20260823,10,20262902,다윗,2610,306439,45,47
20260824,1,20250654,오디세이,186593,7295930,1915,5856
20260824,2,20262770,스파이더맨: 브랜드 뉴 데이,46309,8173907,961,2689
20260824,3,20264035,인시디어스: 그들이 넘어왔다,10806,104724,613,1070
20260824,4,20264635,명탐정 코난: 하이웨이의 타천사,6673,362944,532,777
20260824,5,20255484,오케이 마담2,4991,310504,455,650
20260824,6,20262381,사랑의 하츄핑: 고래보석의 전설,3188,791423,302,340
20260824,7,20233219,호프,3026,4521408,202,325
20260824,8,20204641,비광,1795,1795,9,10
20260824,9,20100810,마루 밑 아리에티,1335,1087593,143,173
20260824,10,20264080,워페어,1287,15150,156,245
20260825,1,20250654,오디세이,164393,7460323,1917,5898
20260825,2,20262770,스파이더맨: 브랜드 뉴 데이,41656,8215563,995,2717
20260825,3,20264035,인시디어스: 그들이 넘어왔다,10898,115622,615,1079
20260825,4,20264635,명탐정 코난: 하이웨이의 타천사,6165,369109,541,785
20260825,5,20255484,오케이 마담2,5776,316280,484,684
20260825,6,20262381,사랑의 하츄핑: 고래보석의 전설,3774,795197,308,349
20260825,7,20233219,호프,3090,4524498,210,322
20260825,8,20264557,오크 스트리트의 마지막 날,1306,1850,7,7
20260825,9,20100810,마루 밑 아리에티,1239,1088832,133,159
20260825,10,20264080,워페어,1224,16374,157,240
20260826,1,20250654,오디세이,195897,7656220,1813,5258
20260826,2,20262770,스파이더맨: 브랜드 뉴 데이,47642,8263205,850,2029
20260826,3,20247458,경주기행,36804,42290,745,2018
20260826,4,20264557,오크 스트리트의 마지막 날,27029,28879,771,1591
20260826,5,20264635,명탐정 코난: 하이웨이의 타천사,8667,377776,364,452
20260826,6,20264035,인시디어스: 그들이 넘어왔다,6031,121653,351,399
20260826,7,20255484,오케이 마담2,3457,319737,231,259
20260826,8,20264715,드라큘라: 러브 테일,3042,3569,130,177
20260826,9,20263307,도그 스타: 마지막 희망,2518,2807,280,397
20260826,10,20253289,극장판 귀멸의 칼날: 무한성편,2336,5816952,61,75
20260827,1,20250654,오디세이,150084,7806304,1735,5214
20260827,2,20262770,스파이더맨: 브랜드 뉴 데이,34751,8297956,815,2006
20260827,3,20247458,경주기행,25131,67421,721,2019
20260827,4,20264557,오크 스트리트의 마지막 날,15087,43966,736,1519
20260827,5,20264635,명탐정 코난: 하이웨이의 타천사,4628,382404,342,419
20260827,6,20264035,인시디어스: 그들이 넘어왔다,4551,126204,301,360
20260827,7,20255484,오케이 마담2,4201,323938,216,245
20260827,8,20264715,드라큘라: 러브 테일,3242,6811,123,177
20260827,9,20263307,도그 스타: 마지막 희망,1933,4740,273,392
20260827,10,20233219,호프,1826,4528429,127,156
20260828,1,20250654,오디세이,211173,8017477,1850,5807
20260828,2,20262770,스파이더맨: 브랜드 뉴 데이,46450,8344406,845,2148
20260828,3,20247458,경주기행,28375,95796,744,2032
20260828,4,20264557,오크 스트리트의 마지막 날,15837,59803,728,1461
20260828,5,20264035,인시디어스: 그들이 넘어왔다,6209,132413,305,367
20260828,6,20264635,명탐정 코난: 하이웨이의 타천사,4448,386852,337,425
20260828,7,20255484,오케이 마담2,2903,326841,214,238
20260828,8,20263307,도그 스타: 마지막 희망,2327,7067,258,388
20260828,9,20233219,호프,1971,4530400,121,151
20260828,10,20264715,드라큘라: 러브 테일,1716,8527,118,149
20260829,1,20250654,오디세이,453553,8471030,2071,6771
20260829,2,20262770,스파이더맨: 브랜드 뉴 데이,109710,8454116,910,2306
20260829,3,20247458,경주기행,52104,147900,766,1712
20260829,4,20264557,오크 스트리트의 마지막 날,26773,86576,702,1168
20260829,5,20262381,사랑의 하츄핑: 고래보석의 전설,18067,818725,475,580
20260829,6,20264035,인시디어스: 그들이 넘어왔다,8759,141172,301,360
20260829,7,20264635,명탐정 코난: 하이웨이의 타천사,8619,395471,330,388
20260829,8,20262945,퍼피 구조대: 더 다이노 무비,4045,102497,158,177
20260829,9,20253289,극장판 귀멸의 칼날: 무한성편,3522,5822719,50,54
20260829,10,20265388,고스트밴드,3377,10180,141,215
20260830,1,20250654,오디세이,393902,8864932,2046,6427
20260830,2,20262770,스파이더맨: 브랜드 뉴 데이,94282,8548398,886,2228
20260830,3,20247458,경주기행,44484,192384,801,1669
20260830,4,20264557,오크 스트리트의 마지막 날,20862,107438,686,1095
20260830,5,20262381,사랑의 하츄핑: 고래보석의 전설,19984,838709,467,569
20260830,6,20264635,명탐정 코난: 하이웨이의 타천사,7619,403090,312,370
20260830,7,20264035,인시디어스: 그들이 넘어왔다,7161,148333,288,345
20260830,8,20255484,오케이 마담2,5038,334907,182,198
20260830,9,20262945,퍼피 구조대: 더 다이노 무비,4043,106540,152,166
20260830,10,20265388,고스트밴드,3623,13803,143,221
20260831,1,20250654,오디세이,145918,9010850,1736,5290
20260831,2,20262770,스파이더맨: 브랜드 뉴 데이,28664,8577062,816,2071
20260831,3,20247458,경주기행,18103,210487,649,1759
20260831,4,20264557,오크 스트리트의 마지막 날,6760,114198,628,1114
20260831,5,20264035,인시디어스: 그들이 넘어왔다,3205,151538,272,321
20260831,6,20264635,명탐정 코난: 하이웨이의 타천사,3078,406168,323,387
20260831,7,20255484,오케이 마담2,1963,336870,184,209
20260831,8,20263307,도그 스타: 마지막 희망,1523,13241,233,312
20260831,9,20233219,호프,1130,4536211,112,150
20260831,10,20262381,사랑의 하츄핑: 고래보석의 전설,1066,839775,112,121
20260901,1,20250654,오디세이,113407,9124188,1760,5286
20260901,2,20262770,스파이더맨: 브랜드 뉴 데이,22865,8599898,827,2040
20260901,3,20247458,경주기행,15292,225773,655,1754
20260901,4,20264557,오크 스트리트의 마지막 날,5212,119408,599,1032
20260901,5,20264035,인시디어스: 그들이 넘어왔다,2922,154456,271,326
20260901,6,20264635,명탐정 코난: 하이웨이의 타천사,2370,408537,328,379
20260901,7,20263307,도그 스타: 마지막 희망,1491,14732,228,310
20260901,8,20255484,오케이 마담2,1106,337976,164,185
20260901,9,20262381,사랑의 하츄핑: 고래보석의 전설,1098,840867,114,122
20260901,10,20233219,호프,969,4537179,117,150
20260902,1,20250654,오디세이,106989,9231177,1609,4821
20260902,2,20262770,스파이더맨: 브랜드 뉴 데이,26223,8626121,659,1676
20260902,3,20265146,옵세션,23956,24894,618,1307
20260902,4,20204641,비광,16036,17831,667,1544
20260902,5,20247458,경주기행,12730,238503,572,1041
20260902,6,20264918,싱 어게인,10500,11889,607,1014
20260902,7,20265573,인 더 그레이,2959,3115,156,295
20260902,8,20264635,명탐정 코난: 하이웨이의 타천사,2394,410931,190,213
20260902,9,20167922,핵소 고지,2292,181576,89,139
20260902,10,20127108,모모와 다락방의 수상한 요괴들,2207,302945,95,131
20260903,1,20250654,오디세이,98405,9329582,1612,4807
20260903,2,20265146,옵세션,21759,46653,637,1325
20260903,3,20262770,스파이더맨: 브랜드 뉴 데이,19221,8645342,664,1657
20260903,4,20204641,비광,12726,30557,667,1479
20260903,5,20247458,경주기행,9674,248177,582,1032
20260903,6,20264918,싱 어게인,9660,21549,612,1022
20260903,7,20264635,명탐정 코난: 하이웨이의 타천사,1745,412676,183,203
20260903,8,20264557,오크 스트리트의 마지막 날,1683,122990,259,300
20260903,9,20127108,모모와 다락방의 수상한 요괴들,1648,304593,96,129
20260903,10,20265573,인 더 그레이,1338,4453,152,271
20260904,1,20250654,오디세이,137399,9466981,1701,5284
20260904,2,20265146,옵세션,31562,78215,637,1394
20260904,3,20262770,스파이더맨: 브랜드 뉴 데이,28112,8673454,705,1818
20260904,4,20247458,경주기행,11941,260118,602,1126
20260904,5,20204641,비광,10542,41099,634,1343
20260904,6,20264918,싱 어게인,9096,30645,591,969
20260904,7,20256308,인턴,8610,8610,38,39
20260904,8,20264557,오크 스트리트의 마지막 날,2229,125219,268,310
20260904,9,20264635,명탐정 코난: 하이웨이의 타천사,1847,414523,191,219
20260904,10,20265573,인 더 그레이,1242,5695,148,250
20260905,1,20250654,오디세이,301242,9768223,1858,6210
20260905,2,20262770,스파이더맨: 브랜드 뉴 데이,63671,8737125,720,1981
20260905,3,20265146,옵세션,55420,133635,702,1552
20260905,4,20247458,경주기행,19641,279759,625,1074
20260905,5,20204641,비광,15874,56973,621,1130
20260905,6,20264918,싱 어게인,13282,43927,570,787
20260905,7,20262381,사랑의 하츄핑: 고래보석의 전설,7944,850673,346,418
20260905,8,20256308,인턴,3379,11989,19,19
20260905,9,20264635,명탐정 코난: 하이웨이의 타천사,3164,417687,185,212
20260905,10,20264557,오크 스트리트의 마지막 날,2849,128068,215,243
20260906,1,20250654,오디세이,259735,10027958,1841,5914
20260906,2,20262770,스파이더맨: 브랜드 뉴 데이,54890,8792015,725,1891
20260906,3,20265146,옵세션,51463,185098,717,1566
20260906,4,20247458,경주기행,17834,297593,612,1041
20260906,5,20204641,비광,14419,71392,610,1072
20260906,6,20264918,싱 어게인,12004,55931,556,761
20260906,7,20262381,사랑의 하츄핑: 고래보석의 전설,8034,858707,344,405
20260906,8,20264635,명탐정 코난: 하이웨이의 타천사,2942,420629,183,207
20260906,9,20264557,오크 스트리트의 마지막 날,2433,130501,199,235
20260906,10,20127108,모모와 다락방의 수상한 요괴들,2274,310413,102,108
20260907,1,20250654,오디세이,87379,10115337,1560,4665
20260907,2,20265146,옵세션,28062,213160,660,1577
20260907,3,20262770,스파이더맨: 브랜드 뉴 데이,13865,8805880,655,1622
20260907,4,20264918,싱 어게인,5860,61791,552,807
20260907,5,20247458,경주기행,5805,303398,539,979
20260907,6,20204641,비광,4477,75869,526,933
20260907,7,20264557,오크 스트리트의 마지막 날,1089,131590,167,186
20260907,8,20264635,명탐정 코난: 하이웨이의 타천사,905,421534,162,174
20260907,9,20265573,인 더 그레이,820,9200,129,202
20260907,10,20242837,왕과 사는 남자,600,16922932,3,4
20260908,1,20250654,오디세이,76675,10192012,1590,4654
20260908,2,20265146,옵세션,26367,239527,681,1587
20260908,3,20262770,스파이더맨: 브랜드 뉴 데이,13287,8819167,669,1595
20260908,4,20204641,비광,6559,82428,552,985
20260908,5,20264918,싱 어게인,5490,67281,538,773
20260908,6,20247458,경주기행,4926,308324,537,935
20260908,7,20242837,왕과 사는 남자,1825,16924757,12,14
20260908,8,20264557,오크 스트리트의 마지막 날,1032,132622,163,180
20260908,9,20265573,인 더 그레이,1011,10211,130,205
20260908,10,20255509,사진의 얼굴,801,4831,60,71
20260909,1,20250654,오디세이,76406,10268418,1516,4247
20260909,2,20265146,옵세션,31197,270724,725,1611
20260909,3,20262770,스파이더맨: 브랜드 뉴 데이,13647,8832814,640,1206
20260909,4,20265423,더 드라마,12089,16875,630,1400
20260909,5,20233219,호프,5318,4547018,88,220
20260909,6,20018158,이누야샤 극장판: 시대를 초월한 마음,4577,4811,137,211
20260909,7,20265344,오아시스: 돈 룩 백 인 앵거,4353,4545,137,199
20260909,8,20264918,싱 어게인,3598,70879,302,349
20260909,9,20247458,경주기행,3476,311800,427,591
20260909,10,20264915,딥 워터,3232,3500,139,224
20260910,1,20250654,오디세이,64835,10333247,1465,4188
20260910,2,20265146,옵세션,27617,298339,719,1623
20260910,3,20262770,스파이더맨: 브랜드 뉴 데이,12882,8845696,614,1228
20260910,4,20265423,더 드라마,7242,24119,596,1266
20260910,5,20233219,호프,4468,4551486,89,220
20260910,6,20018158,이누야샤 극장판: 시대를 초월한 마음,4083,8894,135,199
20260910,7,20247458,경주기행,3954,315754,416,595
20260910,8,20264918,싱 어게인,3235,74122,297,352
20260910,9,20204641,비광,2473,87393,325,426
20260910,10,20265344,오아시스: 돈 룩 백 인 앵거,2297,6842,134,193
20260911,1,20250654,오디세이,93255,10426496,1537,4592
20260911,2,20265146,옵세션,41928,340267,776,1945
20260911,3,20262770,스파이더맨: 브랜드 뉴 데이,17806,8863499,666,1350
20260911,4,20265423,더 드라마,7964,32083,589,1216
20260911,5,20233219,호프,6870,4558356,94,234
20260911,6,20264918,싱 어게인,4813,78935,324,388
20260911,7,20247458,경주기행,4514,320268,419,603
20260911,8,20018158,이누야샤 극장판: 시대를 초월한 마음,3755,12649,129,186
20260911,9,20265344,오아시스: 돈 룩 백 인 앵거,2877,9719,129,195
20260911,10,20224597,아가미,2573,8459,198,254
20260912,1,20250654,오디세이,191119,10617613,1648,5242
20260912,2,20265146,옵세션,72688,412955,845,2433
20260912,3,20262770,스파이더맨: 브랜드 뉴 데이,35690,8899189,676,1577
20260912,4,20265423,더 드라마,11744,43827,616,1101
20260912,5,20264801,포가튼 아일랜드,9314,11772,48,49
20260912,6,20247458,경주기행,6097,326365,391,537
20260912,7,20264918,싱 어게인,5176,84111,277,325
20260912,8,20233219,호프,3966,4562322,101,117
20260912,9,20256308,인턴,3869,18173,13,20
20260912,10,20018158,이누야샤 극장판: 시대를 초월한 마음,3846,16495,119,184
20260913,1,20250654,오디세이,165103,10782702,1615,4962
20260913,2,20265146,옵세션,61864,474818,844,2317
20260913,3,20262770,스파이더맨: 브랜드 뉴 데이,31225,8930412,689,1515
20260913,4,20265423,더 드라마,9799,53631,615,1038
20260913,5,20247458,경주기행,6591,332960,386,522
20260913,6,20264918,싱 어게인,5288,89399,279,322
20260913,7,20204641,비광,4113,97145,301,390
20260913,8,20262381,사랑의 하츄핑: 고래보석의 전설,4112,867933,248,281
20260913,9,20233219,호프,3883,4566205,103,121
20260913,10,20018158,이누야샤 극장판: 시대를 초월한 마음,3334,19829,119,176
20260914,1,20250654,오디세이,51637,10834339,1388,3912
20260914,2,20265146,옵세션,25689,500507,730,1951
20260914,3,20262770,스파이더맨: 브랜드 뉴 데이,8414,8938826,594,1183
20260914,4,20265423,더 드라마,4409,58040,519,904
20260914,5,20233219,호프,3886,4570091,112,242
20260914,6,20264918,싱 어게인,2488,91887,264,320
20260914,7,20247458,경주기행,2419,335379,347,474
20260914,8,20256161,타짜: 벨제붑의 노래,1689,5800,10,10
20260914,9,20204641,비광,1544,98689,221,267
20260914,10,20265344,오아시스: 돈 룩 백 인 앵거,1043,17173,115,167
